--
-- PostgreSQL database dump
--

-- Dumped from database version 15.3 (Debian 15.3-1.pgdg110+1)
-- Dumped by pg_dump version 15.3 (Debian 15.3-1.pgdg110+1)

SET statement_timeout = 0;
SET lock_timeout = 0;
SET idle_in_transaction_session_timeout = 0;
SET client_encoding = 'UTF8';
SET standard_conforming_strings = on;
SELECT pg_catalog.set_config('search_path', '', false);
SET check_function_bodies = false;
SET xmloption = content;
SET client_min_messages = warning;
SET row_security = off;

SET default_tablespace = '';

SET default_table_access_method = heap;

--
-- Name: auth_group; Type: TABLE; Schema: public; Owner: pavshop_user
--

CREATE TABLE public.auth_group (
    id integer NOT NULL,
    name character varying(150) NOT NULL
);


ALTER TABLE public.auth_group OWNER TO pavshop_user;

--
-- Name: auth_group_id_seq; Type: SEQUENCE; Schema: public; Owner: pavshop_user
--

ALTER TABLE public.auth_group ALTER COLUMN id ADD GENERATED BY DEFAULT AS IDENTITY (
    SEQUENCE NAME public.auth_group_id_seq
    START WITH 1
    INCREMENT BY 1
    NO MINVALUE
    NO MAXVALUE
    CACHE 1
);


--
-- Name: auth_group_permissions; Type: TABLE; Schema: public; Owner: pavshop_user
--

CREATE TABLE public.auth_group_permissions (
    id bigint NOT NULL,
    group_id integer NOT NULL,
    permission_id integer NOT NULL
);


ALTER TABLE public.auth_group_permissions OWNER TO pavshop_user;

--
-- Name: auth_group_permissions_id_seq; Type: SEQUENCE; Schema: public; Owner: pavshop_user
--

ALTER TABLE public.auth_group_permissions ALTER COLUMN id ADD GENERATED BY DEFAULT AS IDENTITY (
    SEQUENCE NAME public.auth_group_permissions_id_seq
    START WITH 1
    INCREMENT BY 1
    NO MINVALUE
    NO MAXVALUE
    CACHE 1
);


--
-- Name: auth_permission; Type: TABLE; Schema: public; Owner: pavshop_user
--

CREATE TABLE public.auth_permission (
    id integer NOT NULL,
    name character varying(255) NOT NULL,
    content_type_id integer NOT NULL,
    codename character varying(100) NOT NULL
);


ALTER TABLE public.auth_permission OWNER TO pavshop_user;

--
-- Name: auth_permission_id_seq; Type: SEQUENCE; Schema: public; Owner: pavshop_user
--

ALTER TABLE public.auth_permission ALTER COLUMN id ADD GENERATED BY DEFAULT AS IDENTITY (
    SEQUENCE NAME public.auth_permission_id_seq
    START WITH 1
    INCREMENT BY 1
    NO MINVALUE
    NO MAXVALUE
    CACHE 1
);


--
-- Name: auth_user; Type: TABLE; Schema: public; Owner: pavshop_user
--

CREATE TABLE public.auth_user (
    id integer NOT NULL,
    password character varying(128) NOT NULL,
    last_login timestamp with time zone,
    is_superuser boolean NOT NULL,
    username character varying(150) NOT NULL,
    first_name character varying(150) NOT NULL,
    last_name character varying(150) NOT NULL,
    email character varying(254) NOT NULL,
    is_staff boolean NOT NULL,
    is_active boolean NOT NULL,
    date_joined timestamp with time zone NOT NULL
);


ALTER TABLE public.auth_user OWNER TO pavshop_user;

--
-- Name: auth_user_groups; Type: TABLE; Schema: public; Owner: pavshop_user
--

CREATE TABLE public.auth_user_groups (
    id bigint NOT NULL,
    user_id integer NOT NULL,
    group_id integer NOT NULL
);


ALTER TABLE public.auth_user_groups OWNER TO pavshop_user;

--
-- Name: auth_user_groups_id_seq; Type: SEQUENCE; Schema: public; Owner: pavshop_user
--

ALTER TABLE public.auth_user_groups ALTER COLUMN id ADD GENERATED BY DEFAULT AS IDENTITY (
    SEQUENCE NAME public.auth_user_groups_id_seq
    START WITH 1
    INCREMENT BY 1
    NO MINVALUE
    NO MAXVALUE
    CACHE 1
);


--
-- Name: auth_user_id_seq; Type: SEQUENCE; Schema: public; Owner: pavshop_user
--

ALTER TABLE public.auth_user ALTER COLUMN id ADD GENERATED BY DEFAULT AS IDENTITY (
    SEQUENCE NAME public.auth_user_id_seq
    START WITH 1
    INCREMENT BY 1
    NO MINVALUE
    NO MAXVALUE
    CACHE 1
);


--
-- Name: auth_user_user_permissions; Type: TABLE; Schema: public; Owner: pavshop_user
--

CREATE TABLE public.auth_user_user_permissions (
    id bigint NOT NULL,
    user_id integer NOT NULL,
    permission_id integer NOT NULL
);


ALTER TABLE public.auth_user_user_permissions OWNER TO pavshop_user;

--
-- Name: auth_user_user_permissions_id_seq; Type: SEQUENCE; Schema: public; Owner: pavshop_user
--

ALTER TABLE public.auth_user_user_permissions ALTER COLUMN id ADD GENERATED BY DEFAULT AS IDENTITY (
    SEQUENCE NAME public.auth_user_user_permissions_id_seq
    START WITH 1
    INCREMENT BY 1
    NO MINVALUE
    NO MAXVALUE
    CACHE 1
);


--
-- Name: base_contact; Type: TABLE; Schema: public; Owner: pavshop_user
--

CREATE TABLE public.base_contact (
    id bigint NOT NULL,
    created_at timestamp with time zone NOT NULL,
    updated_at timestamp with time zone NOT NULL,
    full_name character varying(255) NOT NULL,
    email character varying(254) NOT NULL,
    phone character varying(128) NOT NULL,
    subject character varying(100) NOT NULL,
    message text NOT NULL
);


ALTER TABLE public.base_contact OWNER TO pavshop_user;

--
-- Name: base_contact_id_seq; Type: SEQUENCE; Schema: public; Owner: pavshop_user
--

ALTER TABLE public.base_contact ALTER COLUMN id ADD GENERATED BY DEFAULT AS IDENTITY (
    SEQUENCE NAME public.base_contact_id_seq
    START WITH 1
    INCREMENT BY 1
    NO MINVALUE
    NO MAXVALUE
    CACHE 1
);


--
-- Name: base_newsletter; Type: TABLE; Schema: public; Owner: pavshop_user
--

CREATE TABLE public.base_newsletter (
    id bigint NOT NULL,
    created_at timestamp with time zone NOT NULL,
    updated_at timestamp with time zone NOT NULL,
    email character varying(254) NOT NULL,
    is_active boolean NOT NULL
);


ALTER TABLE public.base_newsletter OWNER TO pavshop_user;

--
-- Name: base_newsletter_id_seq; Type: SEQUENCE; Schema: public; Owner: pavshop_user
--

ALTER TABLE public.base_newsletter ALTER COLUMN id ADD GENERATED BY DEFAULT AS IDENTITY (
    SEQUENCE NAME public.base_newsletter_id_seq
    START WITH 1
    INCREMENT BY 1
    NO MINVALUE
    NO MAXVALUE
    CACHE 1
);


--
-- Name: blogs_category; Type: TABLE; Schema: public; Owner: pavshop_user
--

CREATE TABLE public.blogs_category (
    id bigint NOT NULL,
    name character varying(150) NOT NULL,
    slug character varying(50) NOT NULL,
    created_at timestamp with time zone NOT NULL,
    updated_at timestamp with time zone NOT NULL
);


ALTER TABLE public.blogs_category OWNER TO pavshop_user;

--
-- Name: blogs_category_id_seq; Type: SEQUENCE; Schema: public; Owner: pavshop_user
--

ALTER TABLE public.blogs_category ALTER COLUMN id ADD GENERATED BY DEFAULT AS IDENTITY (
    SEQUENCE NAME public.blogs_category_id_seq
    START WITH 1
    INCREMENT BY 1
    NO MINVALUE
    NO MAXVALUE
    CACHE 1
);


--
-- Name: blogs_comment; Type: TABLE; Schema: public; Owner: pavshop_user
--

CREATE TABLE public.blogs_comment (
    id bigint NOT NULL,
    message text NOT NULL,
    created_at timestamp with time zone NOT NULL,
    author_id integer NOT NULL,
    story_id bigint NOT NULL,
    updated_at timestamp with time zone NOT NULL
);


ALTER TABLE public.blogs_comment OWNER TO pavshop_user;

--
-- Name: blogs_comment_id_seq; Type: SEQUENCE; Schema: public; Owner: pavshop_user
--

ALTER TABLE public.blogs_comment ALTER COLUMN id ADD GENERATED BY DEFAULT AS IDENTITY (
    SEQUENCE NAME public.blogs_comment_id_seq
    START WITH 1
    INCREMENT BY 1
    NO MINVALUE
    NO MAXVALUE
    CACHE 1
);


--
-- Name: blogs_story; Type: TABLE; Schema: public; Owner: pavshop_user
--

CREATE TABLE public.blogs_story (
    id bigint NOT NULL,
    title character varying(255) NOT NULL,
    description text NOT NULL,
    image character varying(100) NOT NULL,
    created_at timestamp with time zone NOT NULL,
    slug character varying(50),
    content text,
    category_id bigint NOT NULL,
    updated_at timestamp with time zone NOT NULL
);


ALTER TABLE public.blogs_story OWNER TO pavshop_user;

--
-- Name: blogs_story_id_seq; Type: SEQUENCE; Schema: public; Owner: pavshop_user
--

ALTER TABLE public.blogs_story ALTER COLUMN id ADD GENERATED BY DEFAULT AS IDENTITY (
    SEQUENCE NAME public.blogs_story_id_seq
    START WITH 1
    INCREMENT BY 1
    NO MINVALUE
    NO MAXVALUE
    CACHE 1
);


--
-- Name: blogs_tags; Type: TABLE; Schema: public; Owner: pavshop_user
--

CREATE TABLE public.blogs_tags (
    id bigint NOT NULL,
    tag character varying(50) NOT NULL,
    slug character varying(50) NOT NULL,
    created_at timestamp with time zone NOT NULL,
    updated_at timestamp with time zone NOT NULL
);


ALTER TABLE public.blogs_tags OWNER TO pavshop_user;

--
-- Name: blogs_tags_id_seq; Type: SEQUENCE; Schema: public; Owner: pavshop_user
--

ALTER TABLE public.blogs_tags ALTER COLUMN id ADD GENERATED BY DEFAULT AS IDENTITY (
    SEQUENCE NAME public.blogs_tags_id_seq
    START WITH 1
    INCREMENT BY 1
    NO MINVALUE
    NO MAXVALUE
    CACHE 1
);


--
-- Name: blogs_tags_stories; Type: TABLE; Schema: public; Owner: pavshop_user
--

CREATE TABLE public.blogs_tags_stories (
    id bigint NOT NULL,
    tags_id bigint NOT NULL,
    story_id bigint NOT NULL
);


ALTER TABLE public.blogs_tags_stories OWNER TO pavshop_user;

--
-- Name: blogs_tags_stories_id_seq; Type: SEQUENCE; Schema: public; Owner: pavshop_user
--

ALTER TABLE public.blogs_tags_stories ALTER COLUMN id ADD GENERATED BY DEFAULT AS IDENTITY (
    SEQUENCE NAME public.blogs_tags_stories_id_seq
    START WITH 1
    INCREMENT BY 1
    NO MINVALUE
    NO MAXVALUE
    CACHE 1
);


--
-- Name: django_admin_log; Type: TABLE; Schema: public; Owner: pavshop_user
--

CREATE TABLE public.django_admin_log (
    id integer NOT NULL,
    action_time timestamp with time zone NOT NULL,
    object_id text,
    object_repr character varying(200) NOT NULL,
    action_flag smallint NOT NULL,
    change_message text NOT NULL,
    content_type_id integer,
    user_id integer NOT NULL,
    CONSTRAINT django_admin_log_action_flag_check CHECK ((action_flag >= 0))
);


ALTER TABLE public.django_admin_log OWNER TO pavshop_user;

--
-- Name: django_admin_log_id_seq; Type: SEQUENCE; Schema: public; Owner: pavshop_user
--

ALTER TABLE public.django_admin_log ALTER COLUMN id ADD GENERATED BY DEFAULT AS IDENTITY (
    SEQUENCE NAME public.django_admin_log_id_seq
    START WITH 1
    INCREMENT BY 1
    NO MINVALUE
    NO MAXVALUE
    CACHE 1
);


--
-- Name: django_content_type; Type: TABLE; Schema: public; Owner: pavshop_user
--

CREATE TABLE public.django_content_type (
    id integer NOT NULL,
    app_label character varying(100) NOT NULL,
    model character varying(100) NOT NULL
);


ALTER TABLE public.django_content_type OWNER TO pavshop_user;

--
-- Name: django_content_type_id_seq; Type: SEQUENCE; Schema: public; Owner: pavshop_user
--

ALTER TABLE public.django_content_type ALTER COLUMN id ADD GENERATED BY DEFAULT AS IDENTITY (
    SEQUENCE NAME public.django_content_type_id_seq
    START WITH 1
    INCREMENT BY 1
    NO MINVALUE
    NO MAXVALUE
    CACHE 1
);


--
-- Name: django_migrations; Type: TABLE; Schema: public; Owner: pavshop_user
--

CREATE TABLE public.django_migrations (
    id bigint NOT NULL,
    app character varying(255) NOT NULL,
    name character varying(255) NOT NULL,
    applied timestamp with time zone NOT NULL
);


ALTER TABLE public.django_migrations OWNER TO pavshop_user;

--
-- Name: django_migrations_id_seq; Type: SEQUENCE; Schema: public; Owner: pavshop_user
--

ALTER TABLE public.django_migrations ALTER COLUMN id ADD GENERATED BY DEFAULT AS IDENTITY (
    SEQUENCE NAME public.django_migrations_id_seq
    START WITH 1
    INCREMENT BY 1
    NO MINVALUE
    NO MAXVALUE
    CACHE 1
);


--
-- Name: django_session; Type: TABLE; Schema: public; Owner: pavshop_user
--

CREATE TABLE public.django_session (
    session_key character varying(40) NOT NULL,
    session_data text NOT NULL,
    expire_date timestamp with time zone NOT NULL
);


ALTER TABLE public.django_session OWNER TO pavshop_user;

--
-- Name: exchange_exchangebackend; Type: TABLE; Schema: public; Owner: pavshop_user
--

CREATE TABLE public.exchange_exchangebackend (
    name character varying(255) NOT NULL,
    last_update timestamp with time zone NOT NULL,
    base_currency character varying(3) NOT NULL
);


ALTER TABLE public.exchange_exchangebackend OWNER TO pavshop_user;

--
-- Name: exchange_rate; Type: TABLE; Schema: public; Owner: pavshop_user
--

CREATE TABLE public.exchange_rate (
    id bigint NOT NULL,
    currency character varying(3) NOT NULL,
    value numeric(20,6) NOT NULL,
    backend_id character varying(255) NOT NULL
);


ALTER TABLE public.exchange_rate OWNER TO pavshop_user;

--
-- Name: exchange_rate_id_seq; Type: SEQUENCE; Schema: public; Owner: pavshop_user
--

ALTER TABLE public.exchange_rate ALTER COLUMN id ADD GENERATED BY DEFAULT AS IDENTITY (
    SEQUENCE NAME public.exchange_rate_id_seq
    START WITH 1
    INCREMENT BY 1
    NO MINVALUE
    NO MAXVALUE
    CACHE 1
);


--
-- Name: products_category; Type: TABLE; Schema: public; Owner: pavshop_user
--

CREATE TABLE public.products_category (
    id bigint NOT NULL,
    name character varying(255) NOT NULL,
    slug character varying(50)
);


ALTER TABLE public.products_category OWNER TO pavshop_user;

--
-- Name: products_category_id_seq; Type: SEQUENCE; Schema: public; Owner: pavshop_user
--

ALTER TABLE public.products_category ALTER COLUMN id ADD GENERATED BY DEFAULT AS IDENTITY (
    SEQUENCE NAME public.products_category_id_seq
    START WITH 1
    INCREMENT BY 1
    NO MINVALUE
    NO MAXVALUE
    CACHE 1
);


--
-- Name: products_discount; Type: TABLE; Schema: public; Owner: pavshop_user
--

CREATE TABLE public.products_discount (
    id bigint NOT NULL,
    created_at timestamp with time zone NOT NULL,
    updated_at timestamp with time zone NOT NULL,
    name character varying(255) NOT NULL,
    value integer NOT NULL,
    is_percent boolean NOT NULL,
    is_active boolean NOT NULL
);


ALTER TABLE public.products_discount OWNER TO pavshop_user;

--
-- Name: products_discount_id_seq; Type: SEQUENCE; Schema: public; Owner: pavshop_user
--

ALTER TABLE public.products_discount ALTER COLUMN id ADD GENERATED BY DEFAULT AS IDENTITY (
    SEQUENCE NAME public.products_discount_id_seq
    START WITH 1
    INCREMENT BY 1
    NO MINVALUE
    NO MAXVALUE
    CACHE 1
);


--
-- Name: products_discount_version; Type: TABLE; Schema: public; Owner: pavshop_user
--

CREATE TABLE public.products_discount_version (
    id bigint NOT NULL,
    discount_id bigint NOT NULL,
    productversion_id bigint NOT NULL
);


ALTER TABLE public.products_discount_version OWNER TO pavshop_user;

--
-- Name: products_discount_version_id_seq; Type: SEQUENCE; Schema: public; Owner: pavshop_user
--

ALTER TABLE public.products_discount_version ALTER COLUMN id ADD GENERATED BY DEFAULT AS IDENTITY (
    SEQUENCE NAME public.products_discount_version_id_seq
    START WITH 1
    INCREMENT BY 1
    NO MINVALUE
    NO MAXVALUE
    CACHE 1
);


--
-- Name: products_product; Type: TABLE; Schema: public; Owner: pavshop_user
--

CREATE TABLE public.products_product (
    id bigint NOT NULL,
    created_at timestamp with time zone NOT NULL,
    updated_at timestamp with time zone NOT NULL,
    title character varying(255) NOT NULL,
    description text NOT NULL,
    status boolean NOT NULL,
    slug character varying(50)
);


ALTER TABLE public.products_product OWNER TO pavshop_user;

--
-- Name: products_product_id_seq; Type: SEQUENCE; Schema: public; Owner: pavshop_user
--

ALTER TABLE public.products_product ALTER COLUMN id ADD GENERATED BY DEFAULT AS IDENTITY (
    SEQUENCE NAME public.products_product_id_seq
    START WITH 1
    INCREMENT BY 1
    NO MINVALUE
    NO MAXVALUE
    CACHE 1
);


--
-- Name: products_productimages; Type: TABLE; Schema: public; Owner: pavshop_user
--

CREATE TABLE public.products_productimages (
    id bigint NOT NULL,
    image character varying(100) NOT NULL,
    product_version_id bigint NOT NULL
);


ALTER TABLE public.products_productimages OWNER TO pavshop_user;

--
-- Name: products_productimages_id_seq; Type: SEQUENCE; Schema: public; Owner: pavshop_user
--

ALTER TABLE public.products_productimages ALTER COLUMN id ADD GENERATED BY DEFAULT AS IDENTITY (
    SEQUENCE NAME public.products_productimages_id_seq
    START WITH 1
    INCREMENT BY 1
    NO MINVALUE
    NO MAXVALUE
    CACHE 1
);


--
-- Name: products_productreview; Type: TABLE; Schema: public; Owner: pavshop_user
--

CREATE TABLE public.products_productreview (
    id bigint NOT NULL,
    created_at timestamp with time zone NOT NULL,
    updated_at timestamp with time zone NOT NULL,
    message character varying(255) NOT NULL,
    author_id integer NOT NULL,
    product_id bigint NOT NULL
);


ALTER TABLE public.products_productreview OWNER TO pavshop_user;

--
-- Name: products_productreview_id_seq; Type: SEQUENCE; Schema: public; Owner: pavshop_user
--

ALTER TABLE public.products_productreview ALTER COLUMN id ADD GENERATED BY DEFAULT AS IDENTITY (
    SEQUENCE NAME public.products_productreview_id_seq
    START WITH 1
    INCREMENT BY 1
    NO MINVALUE
    NO MAXVALUE
    CACHE 1
);


--
-- Name: products_productversion; Type: TABLE; Schema: public; Owner: pavshop_user
--

CREATE TABLE public.products_productversion (
    id bigint NOT NULL,
    created_at timestamp with time zone NOT NULL,
    updated_at timestamp with time zone NOT NULL,
    description text NOT NULL,
    main_image character varying(100) NOT NULL,
    money_currency character varying(3) NOT NULL,
    money numeric(14,2) NOT NULL,
    category_id bigint NOT NULL,
    product_id bigint NOT NULL
);


ALTER TABLE public.products_productversion OWNER TO pavshop_user;

--
-- Name: products_productversion_id_seq; Type: SEQUENCE; Schema: public; Owner: pavshop_user
--

ALTER TABLE public.products_productversion ALTER COLUMN id ADD GENERATED BY DEFAULT AS IDENTITY (
    SEQUENCE NAME public.products_productversion_id_seq
    START WITH 1
    INCREMENT BY 1
    NO MINVALUE
    NO MAXVALUE
    CACHE 1
);


--
-- Name: products_property; Type: TABLE; Schema: public; Owner: pavshop_user
--

CREATE TABLE public.products_property (
    id bigint NOT NULL,
    name character varying(255) NOT NULL
);


ALTER TABLE public.products_property OWNER TO pavshop_user;

--
-- Name: products_property_id_seq; Type: SEQUENCE; Schema: public; Owner: pavshop_user
--

ALTER TABLE public.products_property ALTER COLUMN id ADD GENERATED BY DEFAULT AS IDENTITY (
    SEQUENCE NAME public.products_property_id_seq
    START WITH 1
    INCREMENT BY 1
    NO MINVALUE
    NO MAXVALUE
    CACHE 1
);


--
-- Name: products_propertyvalue; Type: TABLE; Schema: public; Owner: pavshop_user
--

CREATE TABLE public.products_propertyvalue (
    id bigint NOT NULL,
    name character varying(255) NOT NULL,
    property_id bigint NOT NULL
);


ALTER TABLE public.products_propertyvalue OWNER TO pavshop_user;

--
-- Name: products_propertyvalue_id_seq; Type: SEQUENCE; Schema: public; Owner: pavshop_user
--

ALTER TABLE public.products_propertyvalue ALTER COLUMN id ADD GENERATED BY DEFAULT AS IDENTITY (
    SEQUENCE NAME public.products_propertyvalue_id_seq
    START WITH 1
    INCREMENT BY 1
    NO MINVALUE
    NO MAXVALUE
    CACHE 1
);


--
-- Name: products_tag; Type: TABLE; Schema: public; Owner: pavshop_user
--

CREATE TABLE public.products_tag (
    id bigint NOT NULL,
    name character varying(255) NOT NULL,
    slug character varying(50) NOT NULL
);


ALTER TABLE public.products_tag OWNER TO pavshop_user;

--
-- Name: products_tag_id_seq; Type: SEQUENCE; Schema: public; Owner: pavshop_user
--

ALTER TABLE public.products_tag ALTER COLUMN id ADD GENERATED BY DEFAULT AS IDENTITY (
    SEQUENCE NAME public.products_tag_id_seq
    START WITH 1
    INCREMENT BY 1
    NO MINVALUE
    NO MAXVALUE
    CACHE 1
);


--
-- Name: products_tag_products; Type: TABLE; Schema: public; Owner: pavshop_user
--

CREATE TABLE public.products_tag_products (
    id bigint NOT NULL,
    tag_id bigint NOT NULL,
    productversion_id bigint NOT NULL
);


ALTER TABLE public.products_tag_products OWNER TO pavshop_user;

--
-- Name: products_tag_products_id_seq; Type: SEQUENCE; Schema: public; Owner: pavshop_user
--

ALTER TABLE public.products_tag_products ALTER COLUMN id ADD GENERATED BY DEFAULT AS IDENTITY (
    SEQUENCE NAME public.products_tag_products_id_seq
    START WITH 1
    INCREMENT BY 1
    NO MINVALUE
    NO MAXVALUE
    CACHE 1
);


--
-- Name: shopping_cart_address; Type: TABLE; Schema: public; Owner: pavshop_user
--

CREATE TABLE public.shopping_cart_address (
    id bigint NOT NULL,
    created_at timestamp with time zone NOT NULL,
    updated_at timestamp with time zone NOT NULL,
    first_name character varying(255) NOT NULL,
    last_name character varying(255) NOT NULL,
    company character varying(255) NOT NULL,
    address text NOT NULL,
    country character varying(255) NOT NULL,
    city character varying(255) NOT NULL,
    email character varying(254) NOT NULL,
    phone character varying(128) NOT NULL,
    slug character varying(50)
);


ALTER TABLE public.shopping_cart_address OWNER TO pavshop_user;

--
-- Name: shopping_cart_address_id_seq; Type: SEQUENCE; Schema: public; Owner: pavshop_user
--

ALTER TABLE public.shopping_cart_address ALTER COLUMN id ADD GENERATED BY DEFAULT AS IDENTITY (
    SEQUENCE NAME public.shopping_cart_address_id_seq
    START WITH 1
    INCREMENT BY 1
    NO MINVALUE
    NO MAXVALUE
    CACHE 1
);


--
-- Name: shopping_cart_basket; Type: TABLE; Schema: public; Owner: pavshop_user
--

CREATE TABLE public.shopping_cart_basket (
    id bigint NOT NULL,
    created_at timestamp with time zone NOT NULL,
    updated_at timestamp with time zone NOT NULL,
    is_active boolean NOT NULL,
    author_id integer NOT NULL
);


ALTER TABLE public.shopping_cart_basket OWNER TO pavshop_user;

--
-- Name: shopping_cart_basket_id_seq; Type: SEQUENCE; Schema: public; Owner: pavshop_user
--

ALTER TABLE public.shopping_cart_basket ALTER COLUMN id ADD GENERATED BY DEFAULT AS IDENTITY (
    SEQUENCE NAME public.shopping_cart_basket_id_seq
    START WITH 1
    INCREMENT BY 1
    NO MINVALUE
    NO MAXVALUE
    CACHE 1
);


--
-- Name: shopping_cart_basketitem; Type: TABLE; Schema: public; Owner: pavshop_user
--

CREATE TABLE public.shopping_cart_basketitem (
    id bigint NOT NULL,
    quantity integer NOT NULL,
    money_currency character varying(3) NOT NULL,
    money numeric(14,2) NOT NULL,
    basket_id bigint NOT NULL,
    productver_id bigint NOT NULL
);


ALTER TABLE public.shopping_cart_basketitem OWNER TO pavshop_user;

--
-- Name: shopping_cart_basketitem_id_seq; Type: SEQUENCE; Schema: public; Owner: pavshop_user
--

ALTER TABLE public.shopping_cart_basketitem ALTER COLUMN id ADD GENERATED BY DEFAULT AS IDENTITY (
    SEQUENCE NAME public.shopping_cart_basketitem_id_seq
    START WITH 1
    INCREMENT BY 1
    NO MINVALUE
    NO MAXVALUE
    CACHE 1
);


--
-- Name: shopping_cart_discount; Type: TABLE; Schema: public; Owner: pavshop_user
--

CREATE TABLE public.shopping_cart_discount (
    id bigint NOT NULL,
    created_at timestamp with time zone NOT NULL,
    updated_at timestamp with time zone NOT NULL,
    name character varying(50) NOT NULL,
    code integer NOT NULL,
    amount integer NOT NULL,
    is_percent boolean NOT NULL,
    is_active boolean NOT NULL
);


ALTER TABLE public.shopping_cart_discount OWNER TO pavshop_user;

--
-- Name: shopping_cart_discount_id_seq; Type: SEQUENCE; Schema: public; Owner: pavshop_user
--

ALTER TABLE public.shopping_cart_discount ALTER COLUMN id ADD GENERATED BY DEFAULT AS IDENTITY (
    SEQUENCE NAME public.shopping_cart_discount_id_seq
    START WITH 1
    INCREMENT BY 1
    NO MINVALUE
    NO MAXVALUE
    CACHE 1
);


--
-- Name: shopping_cart_order; Type: TABLE; Schema: public; Owner: pavshop_user
--

CREATE TABLE public.shopping_cart_order (
    id bigint NOT NULL,
    created_at timestamp with time zone NOT NULL,
    updated_at timestamp with time zone NOT NULL,
    name character varying(150) NOT NULL,
    sub_total integer NOT NULL,
    author_id integer NOT NULL,
    basket_id bigint NOT NULL,
    discount_id bigint NOT NULL
);


ALTER TABLE public.shopping_cart_order OWNER TO pavshop_user;

--
-- Name: shopping_cart_order_id_seq; Type: SEQUENCE; Schema: public; Owner: pavshop_user
--

ALTER TABLE public.shopping_cart_order ALTER COLUMN id ADD GENERATED BY DEFAULT AS IDENTITY (
    SEQUENCE NAME public.shopping_cart_order_id_seq
    START WITH 1
    INCREMENT BY 1
    NO MINVALUE
    NO MAXVALUE
    CACHE 1
);


--
-- Data for Name: auth_group; Type: TABLE DATA; Schema: public; Owner: pavshop_user
--

COPY public.auth_group (id, name) FROM stdin;
\.


--
-- Data for Name: auth_group_permissions; Type: TABLE DATA; Schema: public; Owner: pavshop_user
--

COPY public.auth_group_permissions (id, group_id, permission_id) FROM stdin;
\.


--
-- Data for Name: auth_permission; Type: TABLE DATA; Schema: public; Owner: pavshop_user
--

COPY public.auth_permission (id, name, content_type_id, codename) FROM stdin;
1	Can add log entry	1	add_logentry
2	Can change log entry	1	change_logentry
3	Can delete log entry	1	delete_logentry
4	Can view log entry	1	view_logentry
5	Can add permission	2	add_permission
6	Can change permission	2	change_permission
7	Can delete permission	2	delete_permission
8	Can view permission	2	view_permission
9	Can add group	3	add_group
10	Can change group	3	change_group
11	Can delete group	3	delete_group
12	Can view group	3	view_group
13	Can add user	4	add_user
14	Can change user	4	change_user
15	Can delete user	4	delete_user
16	Can view user	4	view_user
17	Can add content type	5	add_contenttype
18	Can change content type	5	change_contenttype
19	Can delete content type	5	delete_contenttype
20	Can view content type	5	view_contenttype
21	Can add session	6	add_session
22	Can change session	6	change_session
23	Can delete session	6	delete_session
24	Can view session	6	view_session
25	Can add category	7	add_category
26	Can change category	7	change_category
27	Can delete category	7	delete_category
28	Can view category	7	view_category
29	Can add story	8	add_story
30	Can change story	8	change_story
31	Can delete story	8	delete_story
32	Can view story	8	view_story
33	Can add tags	9	add_tags
34	Can change tags	9	change_tags
35	Can delete tags	9	delete_tags
36	Can view tags	9	view_tags
37	Can add comment	10	add_comment
38	Can change comment	10	change_comment
39	Can delete comment	10	delete_comment
40	Can view comment	10	view_comment
41	Can add category	11	add_category
42	Can change category	11	change_category
43	Can delete category	11	delete_category
44	Can view category	11	view_category
45	Can add product	12	add_product
46	Can change product	12	change_product
47	Can delete product	12	delete_product
48	Can view product	12	view_product
49	Can add product version	13	add_productversion
50	Can change product version	13	change_productversion
51	Can delete product version	13	delete_productversion
52	Can view product version	13	view_productversion
53	Can add property	14	add_property
54	Can change property	14	change_property
55	Can delete property	14	delete_property
56	Can view property	14	view_property
57	Can add tag	15	add_tag
58	Can change tag	15	change_tag
59	Can delete tag	15	delete_tag
60	Can view tag	15	view_tag
61	Can add property value	16	add_propertyvalue
62	Can change property value	16	change_propertyvalue
63	Can delete property value	16	delete_propertyvalue
64	Can view property value	16	view_propertyvalue
65	Can add product review	17	add_productreview
66	Can change product review	17	change_productreview
67	Can delete product review	17	delete_productreview
68	Can view product review	17	view_productreview
69	Can add product images	18	add_productimages
70	Can change product images	18	change_productimages
71	Can delete product images	18	delete_productimages
72	Can view product images	18	view_productimages
73	Can add discount	19	add_discount
74	Can change discount	19	change_discount
75	Can delete discount	19	delete_discount
76	Can view discount	19	view_discount
77	Can add address	20	add_address
78	Can change address	20	change_address
79	Can delete address	20	delete_address
80	Can view address	20	view_address
81	Can add basket	21	add_basket
82	Can change basket	21	change_basket
83	Can delete basket	21	delete_basket
84	Can view basket	21	view_basket
85	Can add discount	22	add_discount
86	Can change discount	22	change_discount
87	Can delete discount	22	delete_discount
88	Can view discount	22	view_discount
89	Can add order	23	add_order
90	Can change order	23	change_order
91	Can delete order	23	delete_order
92	Can view order	23	view_order
93	Can add basket item	24	add_basketitem
94	Can change basket item	24	change_basketitem
95	Can delete basket item	24	delete_basketitem
96	Can view basket item	24	view_basketitem
97	Can add contact	25	add_contact
98	Can change contact	25	change_contact
99	Can delete contact	25	delete_contact
100	Can view contact	25	view_contact
101	Can add newsletter	26	add_newsletter
102	Can change newsletter	26	change_newsletter
103	Can delete newsletter	26	delete_newsletter
104	Can view newsletter	26	view_newsletter
105	Can add exchange backend	27	add_exchangebackend
106	Can change exchange backend	27	change_exchangebackend
107	Can delete exchange backend	27	delete_exchangebackend
108	Can view exchange backend	27	view_exchangebackend
109	Can add rate	28	add_rate
110	Can change rate	28	change_rate
111	Can delete rate	28	delete_rate
112	Can view rate	28	view_rate
\.


--
-- Data for Name: auth_user; Type: TABLE DATA; Schema: public; Owner: pavshop_user
--

COPY public.auth_user (id, password, last_login, is_superuser, username, first_name, last_name, email, is_staff, is_active, date_joined) FROM stdin;
1	pbkdf2_sha256$390000$spZW3OBhoNFVDk8WYkjEAM$LIu5R67uk8YghiDToxL+mRHF//6N4geHUZJvWiR1Uy8=	2023-05-20 14:00:53.196866+00	t	parvana			parvanayva@gmail.com	t	t	2023-05-20 14:00:09.822333+00
\.


--
-- Data for Name: auth_user_groups; Type: TABLE DATA; Schema: public; Owner: pavshop_user
--

COPY public.auth_user_groups (id, user_id, group_id) FROM stdin;
\.


--
-- Data for Name: auth_user_user_permissions; Type: TABLE DATA; Schema: public; Owner: pavshop_user
--

COPY public.auth_user_user_permissions (id, user_id, permission_id) FROM stdin;
\.


--
-- Data for Name: base_contact; Type: TABLE DATA; Schema: public; Owner: pavshop_user
--

COPY public.base_contact (id, created_at, updated_at, full_name, email, phone, subject, message) FROM stdin;
\.


--
-- Data for Name: base_newsletter; Type: TABLE DATA; Schema: public; Owner: pavshop_user
--

COPY public.base_newsletter (id, created_at, updated_at, email, is_active) FROM stdin;
\.


--
-- Data for Name: blogs_category; Type: TABLE DATA; Schema: public; Owner: pavshop_user
--

COPY public.blogs_category (id, name, slug, created_at, updated_at) FROM stdin;
3	Furniture	furniture	2023-05-20 15:12:59.371761+00	2023-05-20 15:12:59.381766+00
2	Accessories	accessories	2023-05-20 15:12:59.371761+00	2023-05-20 15:12:59.381766+00
1	Clothes	clothes	2023-05-20 15:12:59.371761+00	2023-05-20 15:12:59.381766+00
4	Body & Skin Care	care	2023-05-20 15:12:59.371761+00	2023-05-20 15:12:59.381766+00
\.


--
-- Data for Name: blogs_comment; Type: TABLE DATA; Schema: public; Owner: pavshop_user
--

COPY public.blogs_comment (id, message, created_at, author_id, story_id, updated_at) FROM stdin;
\.


--
-- Data for Name: blogs_story; Type: TABLE DATA; Schema: public; Owner: pavshop_user
--

COPY public.blogs_story (id, title, description, image, created_at, slug, content, category_id, updated_at) FROM stdin;
2	Pavshop furniture 2	This is a blog about furniture 2. Visit our website to  purchase our products.	story_images/furniture_3.jfif	2023-05-20 14:33:55+00	furniture2	<h4><span style="color:#9b59b6">Furniture 2 blog</span></h4>\r\n\r\n<p>&nbsp;</p>\r\n\r\n<p><span style="color:#9b59b6">&nbsp; &nbsp; &nbsp; &nbsp; &nbsp; &nbsp; &nbsp; &nbsp; &nbsp; &nbsp; &nbsp; &nbsp; &nbsp; &nbsp; &nbsp; &nbsp; &nbsp; &nbsp; &nbsp; &nbsp; &nbsp; &nbsp; &nbsp; &nbsp; &nbsp; &nbsp; &nbsp; &nbsp; &nbsp; &nbsp; &nbsp; &nbsp; &nbsp; &nbsp; &nbsp;&nbsp;<img alt="" src="data:image/jpeg;base64,/9j/4AAQSkZJRgABAQAAAQABAAD/2wCEAAkGBwgHBgkIBwgKCgkLDRYPDQwMDRsUFRAWIB0iIiAdHx8kKDQsJCYxJx8fLT0tMTU3Ojo6Iys/RD84QzQ5OjcBCgoKDQwNGg8PGjclHyU3Nzc3Nzc3Nzc3Nzc3Nzc3Nzc3Nzc3Nzc3Nzc3Nzc3Nzc3Nzc3Nzc3Nzc3Nzc3Nzc3N//AABEIAHcAywMBIgACEQEDEQH/xAAbAAAABwEAAAAAAAAAAAAAAAABAgMEBQYHAP/EAEMQAAIBAwICBgYGBwcFAQAAAAECAwAEEQUhEjEGEyJBUWEUMnGBkdEVI1KhscFTYnKCkuHwBzNCQ1Si8RYkY5OyJf/EABkBAAMBAQEAAAAAAAAAAAAAAAABAgMEBf/EACYRAAICAgEEAgEFAAAAAAAAAAABAhEDIRIEMUFRFCJhEzIzcZH/2gAMAwEAAhEDEQA/ANOoaIDRs1jZQYUIooNCDQAYUz1WzN/ZS24fg41I4sZxTsUND2Ma6fJf2Fhb2arbyCCJYw5LDiwMZpaS7u5RiS1tHBGMOSfypUYocChX7BsSS7vEAVbW1VRyCsRj7qWW+vP9PB/GflQ4FD7qN+wIXpBpFxqll1cckaSdcJd849fixUhJGktz6TJpNk8+QetbBfI5HPD5U8rqEq7A2EN5c4x6HGd87S/yoUvJ1LEWSAscnEvM4x4eAHwo9CKe/YgjTS3DIGhEYVwxPHnOx8vOl6IBRqYA0Brs0BNAAMaTajE0k52pAJyNioTWbkpGQp7RqTuHwDUDeK0rtUsDPtXiuLW8W9SRkLvgSA4ww5U6fURqdsnWYE6Htgd/nVh6Q6dxdH7kKmXResUeY3/DNUGGQrqFuImPC+/PYgjNZtEPuFuUVLqE5yxck+WFNDZyqsADZB4m7vM0rqKkTwuAMICfux+dMsOdxy9tNlqXFUbHLqs0l0YrVEMfEEPaw+T3juxgg++pmMcCKvgAKo+i6hetfRyTrFIwxDH21VDnckYz2uyAAcZxV1DiiDvYIWBoc0lxjxrjIB31YxbNDmm/Wr40PWr9oU7Acg0INNuuXxrhMvjRYDriowamvXL40PXr9oUWA6Boc0169fEV3pC+NFgO80NNPSE+0PjXekr9ofGiwHma7NNVuFz6w+NKrIrDIIp2IWzQE0TiHjXE0WADNikXbuzRLiThpo05Oxxik2AF22+KaJFxNmjXCcY+qdkPdwnl7jtUbNqd1pHb1W3WW0Jx6XbKex+0p5e41DYD+7iBQowyCMEVjyKttexrISrQTtbquPAlc5rZZmWSIOjBkZQVYHYg99ZJ0rtJItYvDEGw0qyjyyAT94NJkyHGoNEmmSs6jj48g9/ZH8zUPHHK6BthnfHDTq6JNjZZHZYFj55Yn8MUlbyNNCJCccWdh3DO1Z1YlFyZpnRhYrrQozNbRJxFg4UbMQfWB9wO3fU803/NMlZVGFVV32CjApOWfGRmtUqRokPTcAd9NLjUFjBJamkk+x3qB1W67J3pjJKLXHuNSSFGHU8QBPeasoRCM8P3msp0W74b1ySOzKPyrUoXzGp8RmuXJJqRtxVCwSP7IoeBPsiiBqNmo5MKDhEx6ooQqfZHwoua7NHJhQfCD/CPhRJXRFJwBgeFcTTS8c9W3so5BxGK66p1B7Z4wBgFSO+py6CQ2TXCOThQ2COVZ/fEDWLdiPWDDn5VeVxcad1TPwKyAFvAVtjp9xSVdhCOc3Vs8sYuQEbOYwMbeeOVPNHb0y0mdpGMkWOXI0El09hJHBFHiFB2VG/H41JWdvDFJM6DgkuIwzxZ2GO8fGjFKMm4oU4tJMhda1ddNvTDCisERCy8TceWydtiCAMfGkh0ildggSAcScSydvhBxyI4aaayyfTkvFHMxxHjhRiMcI8AfCj27RkcTWt2Adz9RJ5eXnWiyRXZP/BcPyh9aXct9Ck7BArLuoYkqwPmBtRiu9OYRCYx1IYHGGDKQR7jRSm9XdmYhw70q4iMRSYIUccJV8Ybyo/BSN7Z2t3EEvLeOZRyDrnFAEVYLbW0ctlbXCyxxktGofiKKea7eB/Gqz0ksVnujIxI4lxleeQdqX1ronBE7XWiu1tOO0Iw54c+XeKitfnvY4bWN5x1oUdZKvJjmoelsj+yN1NVCCLciGPAPPOBgUxsAPQ4vZTucxyqrSKZG4SC0bEA929NOtso+yBgDu6zGPuqU0EZqJp5myOeKk9NjtpLS0kn4O32GzJg8W+MePKqj9KXXUuy6XA05kwEe5IVVwe8D2fGrHoU0suhmVo4vSYHZxGpLJnmVBO/MDB8avvI2TpOw3SqOGy08Twggd+5PhWUX2uzTSOvo+FDFQQ2c+daFeyXVx0Nl9NYtKELZIxyJPKsgaWYTS8LDh4j50P8GmLi3skLS4aCV5CH7eMgJyq92PTzT1iSO4jlRlUAnGxrOkuLp14RM2PBQKOs9yGwSGx4rWUo27Z0pQfg1y16WaRcDK3HD+1/KpGPVrGUArcpvyzkflWPLMzxAS2wbHeoG9WfQlJ0yI8TKGJ2zyFc81xVmsenhI0WOZJBlHVh+qc0cNVf6Nt1dpLxvljLzJ8hUp6Qn2x8aVnLkjxk0O2amV431ZoXuUx6wpnc3CspAJ325UEla1I//pWv7R/A1cYn49JIYZ4oSMe6mTdHLCW5Sc6hcAoORtsYzjn/ABD41JpZwCGOEXkoUxgpmDdgQTyz3Ab1148cl3M5STIrQekMiw9TdwtOIhmNlHaG3L+fnTzo1qUt5rrvO2WkjYY8PACk9N0awsFdvTZpS324N/u9hqCstRvLXpB1yaVerDHxLxdQx4uYzypq4y2tMGk0S/SfVLTTtVAuOImWEMAIg2ccS/ZPh40yXpLYjPAsjE9/oyfq+Y8M/AVGdKYb7XbC1uLfT7gXcU7K0cimPMZ79x3EDbzqvfQmtLIM6XI0ffljxe4BhVxyyrTQuMPNi/TvpLevPZPpLSRgBgVOEznHgcd1Q9t0w6URAbSsAO6Y/Og1XQdXmsvrNPmSRJAydWjnblvlj91Rg03VYM56+PH6SNh+IqZtPbqzoxVVFhh6f9IUILrIw8McX5VadL6W6jdWEN1cpkScWE4QCMeO1ZyG1NccUikjkGwKtOnyynRLdrgKJg0nFj3VhNutHZixxk9ov8MrXNpHOwwXGcZqpdJ4uKIkD1DkeVW62ULpsAH6MVUulDcKSD7cZ+6tHbx2zyc6SnKisakWtoY4k59sn2cbflim9sOK3jbbdQdxS2sPxTp5xOf91N4Di3i/YX8KeOP12Rjiqs0RZ7AOymJIznsgljnv8f6xSUWqtas4gne3iZtwiqfeMg1Fyt9cntakLt9k/bFSoyatyNbSekS15rEQgK3F5czrg5iPCqsPclUHW5dLvb6aPS7MWwjV3WZHfichc7gkjH9ZqZvWzG+/dVUtMfSE4IcZil3HL1DWihXkqDsb6bLLcXHUmZVIUnidCR929P5FubbgaaOMo7cIdHyCfDB3+NJdH5/Q5ppYT1oZArYX1d6X1q5k1C2jjjiHGsnE/n/W1aaKuS7C6Xaon1kRUDm2Mirh0bJfTIcerwkj+I1W+j91Yafo7vqRdZjLnCHfGwHf76s/R9f+0Yofq0LYPiOPauPqI/U7emm29k/oi8ayqsXF9Zz+FTiWp5mNR51DdHJgUnPIcdTRnRfWZR7TWUVowz/yMUW0/ZFHFsveVpqb62X1p4h7WFJNq9gnrXkA/fFUY02Sw6wbm7m/9zfOhHF/qp9v/M3zqF+ndPxtdI37IJoPp6yHJnb2IafN+x/py9E4Cf8AU3H/ALW+dAI4ByBqEOv2/MJKf3QKI/SONeVvKfay/OlzKWDJ6LCFhz6nxowWLujqrt0nx6tsM/rSj5UH/Uk7HCwQr5Fyfyo5opdNlfgtfDF+jFcY4G9aJD7VqpDpBeM3Cot1PkCfzpX6YvshQ8RY9yr86XNIr4uQsNxpmnXKkT2FtJn7USms01mGK2knt7dFSJJ5gqgbAVcRf3hXL3HD5ALVa1m3QSqytnrC7txHOWOM70uabOjBinB2yydYsenRMdlWIE+zFUPpLeLfQx+ghpnL4KoN8EH+VWnWrpIdFmCsAfRyAM/q1T9Cx6ap91dsFcEeXmX3aGt1pGp3LGWKwuCiwkEmMjHI99RcTjqYscurX/5FbXbgPYPHn1kIrD2xHwx/ZVR9wq0tCjpUXCQ/WIfNqbXrYRT+uKFpjlcDO7be+ml5MxUDhAwwPPzqYRfEG9hLs9h/Yaq9q+NQlHWYPVydnH6hqwXUz8LZA5VX4DIbtzwqymN9iN/VNaSVFYvIW1ncRuW4MbbxbZrrmWEsjSvcwnPrAH76RQW4OLi1ktidi0TnHw5Uuk5L4ttSjPd1UyYz76j8myH8ayCENFcRTAx4VZF4dzuCfGrn0YB+ilDtzDZA5ZzVHYkMh6ochkpvg7+f9Zq6dHXJ023G+8LsfLLGubqU+B19PuQF2shuNpSgxyDED7jSIijYnrLpNvI/OorpJedVdxxlmGUzju5moj6SjxuuffilDDKUU0aTz4ozaZaitgOdyW8sCjK9so7Dy8PgBiqo2tKAAUXYY9b+VE+nceqEX+I1Xx5i+XhXktsl2hPChYY72FI+ktxY6yQ+SjH5VV31xiNm+CUj9MzZyGk9vCBVrpn5M5dbj8F0W5JzvIF8S2KK10CewgI7yxJqmtrMzetxn2tSE2oTSD1mX2MapdNRm+uXhGl6XBLOhmktzAo5ErjNPxGscZmmmRIwccTMAKymzvmjkLys0uR/jYmrTpPSk20fAvEqk5IWs/jNy7lfNXG0tljOuaRA5WXU7VfH60flSc3Sro8vranxeUYZvwFMhfaLqIAvoo3z3SRBqUXoz0WvDlI1ic/opWT7s4+6r+JD2Z/Ol6Al6Y6CmeqN04PLhiO/xxTiC9XVdPhuIgyq0koUOMHG1NpP7PbCQt6JqkkfhxxiQfdg04s4BpWl+iM4mkguXQOqlcjB3x3d1ZTwrHTR0YeoeV0PekOHtbiLYuYiPfgYqtaLIFlRvfV9Xo/ZapClxcdaHdRxFGI5bUSHoFp0Z4opLtd+XWDH4V1419EeZl/exW2vwli788ITishmtb15C3o0ucDPZ8q2+16Mxwrwl5WXwdgR+FORoUf2BV0Z2ZaHClSVYheInA23O1IXbdYo6uJvWHOlb5Fi44+vkWYNgIBIcj3UOnW9w5OdMuYsDsuGyD7mOazi3VFNLuRc8UsgI4cZqP8AQJUJPCD2WHxBq6C0uObWUx/eQfnRH065lB47R417iSD+BqpOxxbiZ88d1BkcGV9maRMgZv8AuLWNx+zg1pI0GZxshOf1Kby9Enl3MLb+C1XFUHORSIryIeqXjIxgMMge/n3+NXfQpAmnW5JyWg5+OdzTWToLct/dxsPbgfnUlYdH9ViSGM24URrw7yDz8/ZXL1ONuP1O3pMseT5aKb0zUSapGVyV6vO3tNQQgbwrVW6HvdTdZfFAfVRU32/5pZeienQnErLkdxGDW+K1BJnLnalkk0ZOto5PqH4UqtjM3+Wf4a1uPQ9IRgMj309i0zSV2FqGPipHzrSzEx1NIuXxiJvhTqPo7evyhffyNbNb6fZ9WzraBAq5Tj2498YFGCMP7u029tFjoyKHolqD/wCS/wDCaeQ9BtQlO8ePaMVqytKo3t+H3YpWENNKkfWMhZgOQbH4UrCjMYv7PbonDnh9pqRt/wCzabm0wx5NV/lilikaNWzwHByQM0Uo5yTGc42wx5/GiwKrb/2fwIPrp/wp9B0J09VZutkAX1irjapqSSV2LzR/7SBRlmABUZHEMHhJ3FKwGEHR6whx1d9eL7H/AJUb/p3SQzM73UrMxYlpBuTz7hTwCPOzOD7c0oi5PrZ9tDSl3KjOUNxdDqwMEKR20EB6tQe0zZx35NG9NdWwkEePESV1uhR8rs3jSrWyNuVBJprXYlu9s6PVR/mWs2PFCDSv0pB+in/gNIG2U9wohsfOnsWiM9ETJ+qT24pT0YAeqPZQ11AgBAPsCuEbqNyAB4CurqACr1Y9V8HyBplfNqLNmzuVUgHstGN/aaGupgiDuNQ1O0k4LuVkbPIYIPsxTiK4mnxmYtn7Qrq6s2UiTntzYC2MJHpIQSSSbnBO4wCcbCmueI5ljRieZ4m+ddXUDF44oGH92w/fp5ZWUNxL1eWXYnOx5ChrqYA3LLcGHCFFjjCADHd31yxYHZZh+6PnXV1AhSI7461R7QR+FP4S0Vu7TsAkqlUdSc8Q/CurqAGUqsW/ve7/ABEmiKOLPaTPv+VDXUAKiKQDIKjzzQdsLlnX766uoA5OFtg8efYflTuKNdsge6urqYB5LiG2cqYpCR4Y+dFGpxY3hkHw+dDXUCBTVbUD60Sx+4H8KXF/ZEZEv+011dQmB//Z" style="height:119px; width:203px" /></span></p>\r\n\r\n<h4><span style="color:#9b59b6">&deg; Lorem ipsum</span></h4>\r\n\r\n<p><span style="color:#9b59b6">&deg; Lorem ipsum 2</span></p>\r\n\r\n<p><span style="color:#9b59b6">&deg; Lorem ipsum 3</span></p>\r\n\r\n<p>&nbsp;</p>\r\n\r\n<h4>PROEDUCT HISTORY</h4>\r\n\r\n<p>Lorem ipsum dolor sit amet, consectetur adipiscing elit. Nullam volutpat dui at lacus aliquet, a consequat enim aliquet. Integer molestie sit amet sem et faucibus. Nunc ornare pharetra dui, vitae auctor orci fringilla eget. Pellentesque in placerat felis. Etiam mollis venenatis luctus. Morbi ac scelerisque mauris. Etiam sodales a nulla ornare viverra.<br />\r\n<br />\r\nNam sit amet sapien vitae enim vehicula tincidunt. Cum sociis natoque penatibus et magnis dis parturient montes, nascetur ridiculus mus. Nunc faucibus imperdiet vulputate. Morbi volutpat leo iaculis elit vehicula, eu convallis magna finibus. Lorem ipsum dolor sit amet, consectetur adipiscing elit. Donec malesuada, erat in ullamcorper bibendum, elit lacus mattis lorem, quis luctus diam lorem vel ligula.</p>	3	2023-05-20 15:12:59.40457+00
1	Pavshop Furniture 1	This is a blog about furniture. Visit our website to  purchase our products.	story_images/furniture_1.jfif	2023-05-20 14:23:29+00	furniture1	<h2><strong>Furniture 1 blog</strong></h2>\r\n\r\n<p>This blog talks about furniture models and how to choose quality products among lots of kinds.</p>\r\n\r\n<p>&nbsp;</p>\r\n\r\n<p>Read everything about furniture, enjoy our blog.<img alt="heart" src="http://127.0.0.1:8000/static/ckeditor/ckeditor/plugins/smiley/images/heart.png" style="height:23px; width:23px" title="heart" /></p>\r\n\r\n<p>&nbsp;</p>\r\n\r\n<p>&nbsp; &nbsp; &nbsp; &nbsp; &nbsp; &nbsp; &nbsp; &nbsp; &nbsp; &nbsp; &nbsp; &nbsp; &nbsp; &nbsp; &nbsp; &nbsp; &nbsp; &nbsp; &nbsp; &nbsp; &nbsp; &nbsp; &nbsp; &nbsp; &nbsp; &nbsp; &nbsp; &nbsp; &nbsp; &nbsp; &nbsp; &nbsp; &nbsp; &nbsp; &nbsp; &nbsp;&nbsp;<img alt="" src="data:image/jpeg;base64,/9j/4AAQSkZJRgABAQAAAQABAAD/2wCEAAkGBwgHBgkIBwgKCgkLDRYPDQwMDRsUFRAWIB0iIiAdHx8kKDQsJCYxJx8fLT0tMTU3Ojo6Iys/RD84QzQ5OjcBCgoKDQwNGg8PGjclHyU3Nzc3Nzc3Nzc3Nzc3Nzc3Nzc3Nzc3Nzc3Nzc3Nzc3Nzc3Nzc3Nzc3Nzc3Nzc3Nzc3N//AABEIAJAAmAMBIgACEQEDEQH/xAAcAAACAgMBAQAAAAAAAAAAAAAFBgMEAAIHAQj/xABDEAACAQMCAwQHBQQJAwUAAAABAgMABBEFIQYSMRNBUXEUImGBkaGxMkLB0fAHFSMzFiRDUlNikuHxgrLiNGOEosL/xAAaAQADAQEBAQAAAAAAAAAAAAABAgMABAUG/8QAJREAAgICAgICAQUAAAAAAAAAAAECEQMSITETUQRBIjKRofDx/9oADAMBAAIRAxEAPwDruu3Yt9HuZY2GcBAfaTiuVXsgTml+5GCxHiBTHa6o2raEdNkB9OXeL/3uXPq58cfHakzWWdbIpggyyCM56jx+lfM/Ol588Zrqv9BtwOP7IbUiwvdQk3Z3EQPkOY/UV5xbdy3mtwadFKTLczpAEH3I8+s34e4+NZpF03DfBUKyOY5rhmlUY3VT97HfsBgd5Ipf0C97HiCTXNQjZyiuYkz94+qoz7ATv+Jr03mhhwxg3TZO+kdkXAGOnsqO4I5VGfvD61yLVOJdZ1y9Wyt5HLzNyx28J5R7z+Zp24T4Xbh+GSe5mWW9uCokK/YQA9B49etXwfKeaVQjx7KKVkMsKSAiR84HjnrS5xNBCdW0mYgoEmGSc+qq5bpTEJEXndkVLdf7Rj9o+PlS1qYbUJnLX0KjkYDfBVTvjGCSdhk91dwQr+99LmkPZ3aEhsYGevd3UVkkSbQreSNgym4G46dTSuC3OO0vy5TIfsQg5SRnoR4Z8/lTJHkcNWoJZis4GWGD9pqz6Cuxltv5K+QrS+uUsrOW5cZCDOPE9w+Ne2pzCvkKAcb6hFa29tbyc+ZmYjkGegHX41KbqNhirlQlXd5M2oC9Zi0/ahyfbt8q6Mrq6q6HKsMjyrnPo73DYjDZJGMinjRBMmlW6XK8siLyEeRwPliofHbtpls6VKghms7q0zjfuobq2pxW0PUYbIznv/X0rplJR5ZzF83duG5TMuf+PzoRxJdoLIRhvtH5YzSJea6W1KKSKTljY42+7vnPwq1e6oJFXnIUMuFB8N8f930rllm2i0GEubCWlap6BqHIxPZSNhh4H9bV5SnfXw7XnjfcHIx1z+t6ypxyOKoeUk3Z3PTont0s+2Uds1sEc+0AHH/dQvXeHLPWLx5CgEsEfaKqjAkkPNjm8sD40buJEe3juIyCqskisPA7fQn415HIIpb+V+iMPgEBrqeOLSi0Ick19bsXqpqUrt2ezk7esPuj35+A9lAr6+btFjT1nbZI1GflR79o6Xljqoa8YSyTLzW6qdlBO+R45z5/SzwHw9Hp0p1/iNuzMURnihkX1sD+0Ydw8B3n3V4ssLyZnt0Qpt0M3AvC6aDatqusNGt9ImWLnC26eGT3+J91E7Liqy1bV/3dpsM84T1pLkACNfjuc0latq2ocb362VirxWattHnOf8z/AJU+6Holtw/piwQgFyQZZD1dvbXqYG3Sx8RX8lV6QIjc3isXwYyqsmCMDI6VWm0+yQmYRBuTmG+/NnHx8qaBaWoTkFuoU9wP+9aiws1OVtlBJycN1+ddownxQxxxmOKCMIVwYyBhZDjHMO4bH40XkHLw7bqcZEyggdAeY7e6iosLJObltVHMcnfv6eNQajbxixWCMLDGJFYFjt1+prPoKL9n/JXyqK9VTMCyg4QYyM95qa2GIwPYKj1AbI47vVPv6fT50oCrkL9kAeVa81alq0LfoVgAnW9SeCFxCylh1B7x4f7+7wrmusaxeXUjASMYskAkbr02Ps2/W1dF1iz9KjZWAb27qR78Guca3YPp9y3aK4iOCMqcHy2/4rzs6ntz0CQIkkdo1wNx19h7/wBe2rrSXMluoVcrjchc7efdj8apZGWUEEZ9VhuPL9eyiEUpCRJgMpUA5O/X5dBSrgUhgileQkJzAbZxkfGsps0yOMHKr6p6kLgt7QPPx6edZVVjv7GOn2Gf3ReWgBDWhkhUewDK/IipkkEssiDOJrofARq34Ae+hWma7bPxBdwN6i3CIVY/ZZ1HKfiOX4Va0+YrE8qgl44jgeLNyqo+KEVaGSM/0sYsmaCKK91K6UMochSVBPKnqgD/AKuYjzpO4sTUPQ7UT27N+9JszsBugH8uP2bZPnTLrVzaWSW1tdPm3tgruo6yMB6q49xJ8h40k65rN7r9+kcSMSrfwIYxkj8z7a4vlfIhGdPl/S/v7CyYf0Sfh7hO3KyXSPcH+YYwXIPhkUz3c6XelJPGHEchQgOpU45h3Gl7hng5bcpeawiS3A3SHqqefiaPale2jRvbrcxGZWXKBxkesO6uv40srV5EkvRlwuRbttS1tJWEpt5o89C3KR78URTUrpl/iRFW/wArhhS1JftHIw5Gz4Ej861OsOuB2Tf6ga7RhhuNRvgp7JUz4s1YJ57nQO0uiplFwB6vTGRQq1uzOAZPV99E0IPD7YOf6yPqKD6Cg9bfyl8hW8qCWNo22DDr4e2orQ5hXyFTZoAArhkcpIMSDqPGo2ail7bLcrkErIBs2M+4+yhE4eF+SdeRu452Pke+gAzsjO6xhc8xxv0oXqGjWU7Mk9vEzA4JAA/CjyTpBZ2zyMVAlJO3tpZn4gtv3xHZmOcSXEh5GKjGAQD3+LCpNpyp9Da2hL4itbaJJhbh4oo3YKXTpjY4xvjP40txXhiK9pDIS+4JwB9actf18tfanp0lvE6xTdkvP1A5BuPMGkXUZinaKGI5d1x3VZ/Exa7Ucyl+VDZZ6j/BLJ6kowO0L5U+APdisqtyO9pbW0MSsey55CFyUXx9nzryoLBP6K3QzXLH0qOdAyo2wI2A7/qKY+FNXDaPyv688EnMyA7uq8xX/wC7KKi4j4cvueSaycPbGQukZXlIzvjf27eVR8HWkljLNPOUU9iCRnP3s7+8D5142DFlw5dersKTQS1zRLjWr23tYbsLconaXhKZRCT3e3uA8F+I9r6x4X1N7Hh7Sp9TvlUCa4aT1UPhkDrtv0600aZHPc2kjQoEE7czTO5Bb2AY3x47ZJY+d6y0qC1wThypyBjAz44r1F8WF7x7f2Z9iyuncTa4vPql16JC2/o8Dcox4HG595onHw9Z6Va9pGWaTmUb45d2Gdvf30x4HhS9xLrdtar6IQ7vkFiuBy4IPvzXRDGom1OUXV8ZLx/4jks2QvMSTUwubuNlRU5FJGec9M+Ph76adIk0nTYWCRM87Z55JEUswJO3TYb1f0vUdPtFe1t4VhhkcuD4McZz8KrsMLmjPc3cM7QkK8OAys2c5/4pk0+Rv6PyRXHqz+k8xQkZ5cjfarF1NGSQAM53OMZqO3SK6guFcZCEDHmKSctUNFWyzPrZshEkUcUy7c7NNy8vyNUjx5pnp72rFVCx83O0nVs/ZG3toNf8OWc5PJc3UJJ3GQ4+e/zqfReEdG5DFdWyXc6FiJZUAcA4228KSOZSdIMsbSBeq8b641wy6Z6OLfm/mOinA/1D8aq2HHd/aRXA1iRL+RjlI1RQg9nj/wA0w6hwToot37JJrd8550mZuX3HIqTT9H0iGxgtJ7dbs27ZimuFUtnJbOw2wao5E1EuuIrj0Bp42t5AeaSLnJ5DjOPDupQ1FII+JdI9ZjPK8uN9gvaLn6ii78QAalNbyIuEIHqtt0HhVw6rEI+aG3QPg4bvqDaKpMQ+KdNY8X4aeOGPU37NJZPsrINgDjx2oRe8FcQwagEubIvGXHM8UiuOXx65+VdGt9dhJaJowHQlWOO/9GmeTDWayABQVDDO+1dUcj1og4JSs5PrFjf27x3FjBcbx9nlFOx5gAPfnFZT/cl2KsGX1u8R5P1rKaOTVUBxtguPXr2NsmVi3t3zVueR7hLeKxVgNSlS3cKNohnf5Fj7qCanF6HdSQ7jkbA9o7vlj51e4a1CSK5aOJ+RipZGIzhvLy+lebVumdk4pxsa+J+IbzTVFhoFi81xGAru8TFIhjbGBuenspcsuKeMYp1Wa1S6z/ZmAqfdygUT0bj6yue102e0uYNQR2TsI0MvaY6sG7+/rVq0ubv01bqPSLg4/wAWSOP2d5ozxzcr3ogoNhrR9c9NtDJf2kun3CtytDKfYDkeI38BQHilIZbxbqN0zL6vKWG59nuoPxFqUqXszzwdlIzqColDAZwO4UpcYymXTA3Nyuj8ysDjlI7xXTB8VdmcWhhuIMIWXZzvgGqRmAjbJ6VR4T16XVrAR3yOlygwzlMCUf3h+Na8Rma1hKW0ZeWYcsSd5J/Ki0ZFe24tl9KmimbKo3Kpz4U+cJ3q3djcyBgeYqT7Nq5Ja8Fa84aQ9ll25jzEjFPelPFoWk+iWq3dzdS4NxMLaQDYfZUY6UmV/jRSC5LnFHEUOjcq7tNKDy4Gy48f13Uv6H+0WBbsS3UDJHGcOVbJ6Hfp34PXxFLvGVxcTPi4WaLA5lWX1cDO2Aeg7qUlZbftQxLLIuDnH6600MUVFWuRZ5JNvk+nWkjuuWe2kWWGQZ5l3DD9ChbzW0UvKmc7gk59X2Ug8DcXS22mSafcSPKsMoES8mcIRjbAz3Hb20WF/NLKTDbXDqxJGIyPrRasQ01S27DiGNXkKQzhCZBv34z8MVY1BPQZWt+aQlSQeYg5x5Crn7tu9fliVo5LOOFwzSOA3q96jfO9e8V6DcX1ys9ldpAQx5g6cwIOPLwqMo0ysXwKVzdCG/l9b7Shv18K6PLqKQaNAz55REuNx6xwNh9aS04Hlu542vbhZWX/AAI+zZhvsTvtmjV1o+qNIgNxEiQpyxrg5VfcOtWg6ROXZtc36McAN2TAMWDbcvj02r2hV1oOptGEiu4Gj5slCT+XvxXlNwLTCWqmzuJfSLiK6twwC45AMkedVLK60eO6SO2jkaY55O0lIB2z3Ae2it1pNxq8IS7Z4oic8sO7e84291a/0V0iwjkuYrF3uo0LRzSl3ZTjuz091cVN82dey6EbU59OuLxbyaAwsW5mEZfd/HAPWpX4l5pAqyPH3DtYcZo/wNMtrxFcLIQoeN1w3jzA/gaatcbTbuMxX1lBcqf8RAfnVMcvx5FyxqXBzzUdfF4C10AjOoAKfZOO8VHd3tuklrNd8vo/PkswyM49XI88Ur8QCO21K+ihBWKOQmMZ6Ab/AKNMXC90s9tBI6qxiDKObfHfVV3ZN9UGE4mtSRy3kPL3DatI7vTEujdpcQmdhjtGk5jjwBJqy1zGWyyR/wCkVuJ4CcCOI/8AQKcQkHEMSja+hwP8wqddXnOCJmKnoVUkfSr+naUGKzXNuiAbqhQZPtNGZG5cKdj4eykc66GULRwnih3m1O8EyMGYc47XJL+3593dS4+GJY4y2QSd+XpXbeNNFj1O3EttZia9VgA5lCkLvnrt30h6fwRqEd7E93ZRvCkgaROZTzDrjypvNGuQeN2GP2fPfwaTKIo4+WRwyglcjbGcnrnA+FM7Saww2iUeTL+dCNT16SLUbiMRXMTRICUjtuZAABsp2z17vbQ9+KrnGx1Af/C/3pd2+Q6j1pF1qUME0NzCQGIZXDD4bGqeo6xLY3ML3du5t3bldv7ue8eX5+NJw4quuYjn1DB6E2ePxraDiDU7yZFhkuy4Yj1oOTA27/ePgaSXsaKd0dLj1O3sgWFqw2GGUg8w8aqScR2qksLWdnB6nGKUUv8AVmwjQPKB3nGap3N3qTNyGxmUZ9ZjgVPd/RTRfYwavxZ26CKOzZG69rgsw9mwrKp2epXixpF6MqqBgBT0rKyytA8SZ0ma7jiXLGhF1rI3EefdQG91N2fDMST0UdaFX9/FaJz3swiH3Y1OWamc39AUDfibUEkubQxmP0tXzzZ35Om59/1qZrS+v4Sgk7PIwXQnA8d+p91K01yk+pC6RBGjEFeYc+BtuR39OlHE1jUXIWHU7STOwzZgfH+IKnHmyslSQg8UWcGmand2kMryqIj6z/aZ8HP69lX9CuBa6fGrH1my2PDeg2s3bXmr3MknLz9qQeUYGxxsM9NvnTvwvBZ3dnF21l2sKZHa5VWznoVJ391dF0Q1sonUu/NWbG9Mt5CoZlywwy9x91Mw0vRpG5VsUVj9ktEADU8uiWEFpLcQQwq6KSpQDr49KR5EwqBR9Nn9K5GvJwvf/Fb86pNq1wl1NF+85cqw3Mpzjbr862lBFyWLDp40v3o5tVu3AY7Kx5RnxqES7oZU1WSQcyX7OOhIbIzXrakyqC164J2znv7qD8N6jawWr295pcrsJnPabYYE7DrRmO50J2UzWeCDzDtFGxqmqJ7MjbWJxn+sTHbuFbLqrkBu2kBzuWA3+VWTLw8ycpjhJHecfiKhJ4eY5NrbYx0yuPPpW1Rtiu2qyjGJ9+8kiof3nOCCbkjIG2R7KttFwyWH9TtxvnKhT9Qa8eLhdnBNpDlc4AYAfCtSDsU/3nKNmu25sH74qQalJjHpT9MnEtStHw2pytnE2fErivD/AEfyMWMAIPcV3FDVG2IV1CYMT6S/LnvcVlTINBOS1nEdtssu3yrKGqDsDtR1qSLmSwgc56yheY0vSvczyc84mc+LKfxqH0y9fHNDbufAgH/81atIry5BZrW3ghAPNKTyr5DA60eRuCQycoiOMDOPKrcsoQdnags5++o6HwFUUs5bmWNUHaKPW5EJxjxJ7hju6mjGn6eDmSQgnO67AnH0FL0Z8gePhiKWXtJy3MxywDY+nnR+2tnsoBDYrhc4Zgdl8t9zVxo5oIwqLyMw9aRht7jk/WiWl6YEB5tx9443JrW2LSRFaQzsP4sgZQMsc0Qd4H066EcpZljJPL9k+VFIkROVETJA7+7xrXWGSPR7sHC/wmIA6nFNqCxKeXNwFLdw6edQadqVnYa/eLeTKvawxhObvNU3uoTc5MndnrVdEtZ7ppnSN3OBl+uwpEOxnvLi1khLxFTncEYpYujJIT2bn4irRkhiwsQiX2Co2uE3JkjOPfinsSgY0NyTs7DzqM21wB/NH+qi3boftEdcdBRSw1LR0gjS6hZ5VcM4WJTzjPiTnpkY8aZSYGkKXo9wT/MP+qvTb3WNnf40zvqNktzbEWkbwpdM0mbdAZIsrhceOOf4irNlqGjqkfpNgxlC4kdY1YFsHcL06kf7UbBQmmG473b3mvexuf75x50z291pcUSNKh7YB1Ym3V1BLZVsFhnbbl9uc7VOuqaECGbT8xc7HsuUAgZb+0zk7FRjG2M5PfrNQodlcEbO3xrKPXNzYySu0JCAykgFQoCHGBjfB65rKGwaH+P9kFoJA02rSyKOqdgAD86uXP7Mu2KhdZeONPsxrbjlHzroVZV/HH0R8kvZz22/ZkkMhkbWJnJ8YQM+e+9XV4BjU/8Arxv1HYf+VOtZQ8UfRvJL2JkXAcaOGbUpHwfvRjp4davjhRVUCO7KkdCY8/U0yVlHxx9Gc5MX4uGhGCDdE75/l42+NaScMSOzj0/MTfcaHOB4ZzTHWUdEDZitLwZbSTCRrgj/ACiMYqunAFhEV7OXHLkjmTPrePWnGsoaRNvIS5P2f2zKezvXjY7luzzk+RNap+zy27MLNfSSkd5jA+hp2rK3jj6DvL2Jh/Z/aMsQa6bMYwCEP51i8AxAg/vGRsdA0YwPgac6yt44+jeSXsSk4AQT9o+pPj+4sXKPrmtpeA0ZAsWotGebJPYg5+dOdZW8cfRvJL2JjcAwvu1/JzYwSI/96rxfs6WPmzqruGbPrQ7/ABzT3WVvHH0byS9iQ37PYHHK+oysuMYMY/Ovadqyt44m8kj/2Q==" style="height:144px; width:152px" /></p>\r\n\r\n<p>Lorem ipsum dolor sit amet, consectetur adipiscing elit. Nullam volutpat dui at lacus aliquet, a consequat enim aliquet. Integer molestie sit amet sem et faucibus. Nunc ornare pharetra dui, vitae auctor orci fringilla eget. Pellentesque in placerat felis. Etiam mollis venenatis luctus. Morbi ac scelerisque mauris. Etiam sodales a nulla ornare viverra.</p>\r\n\r\n<p>&nbsp;</p>\r\n\r\n<p>&nbsp;</p>\r\n\r\n<h4><strong>PROEDUCT HISTORY</strong></h4>\r\n\r\n<h3>Nam sit amet sapien vitae enim vehicula tincidunt. Cum sociis natoque penatibus et magnis dis parturient montes, nascetur ridiculus mus. Nunc faucibus imperdiet vulputate. Morbi volutpat leo iaculis elit vehicula, eu convallis magna finibus. Lorem ipsum dolor sit amet, consectetur adipiscing elit. Donec malesuada, erat in ullamcorper bibendum, elit lacus mattis lorem, quis luctus diam lorem vel ligula.</h3>\r\n\r\n<p>&nbsp;</p>	3	2023-05-20 15:12:59.40457+00
3	Body & Skin care	Lorem ipsum dolor sit amet, consectetur adipiscing elit.	story_images/care1.jfif	2023-05-20 14:41:48+00	care1	<p>Care 1 blog</p>\r\n\r\n<p>&nbsp;</p>\r\n\r\n<p><span style="color:#16a085">Read more about</span></p>\r\n\r\n<p>&nbsp; &nbsp; &nbsp; &nbsp; &nbsp; &nbsp; &nbsp; &nbsp; &nbsp; &nbsp; &nbsp; &nbsp; &nbsp; &nbsp; &nbsp; &nbsp; &nbsp; &nbsp; &nbsp; &nbsp; &nbsp; &nbsp; &nbsp; &nbsp; &nbsp; &nbsp; &nbsp; &nbsp; &nbsp;<img alt="" src="https://encrypted-tbn0.gstatic.com/images?q=tbn:ANd9GcRNxF3xq3gsSCRNxXRjMgXU9mPaYRulGTscAg&amp;usqp=CAU" style="height:183px; width:275px" /></p>\r\n\r\n<p>&nbsp;</p>\r\n\r\n<h5>PROEDUCT HISTORY</h5>\r\n\r\n<p>Lorem ipsum dolor sit amet, consectetur adipiscing elit. Nullam volutpat dui at lacus aliquet, a consequat enim aliquet. Integer molestie sit amet sem et faucibus. Nunc ornare pharetra dui, vitae auctor orci fringilla eget. Pellentesque in placerat felis. Etiam mollis venenatis luctus. Morbi ac scelerisque mauris. Etiam sodales a nulla ornare viverra.<br />\r\n<br />\r\nNam sit amet sapien vitae enim vehicula tincidunt. Cum sociis natoque penatibus et magnis dis parturient montes, nascetur ridiculus mus. Nunc faucibus imperdiet vulputate. Morbi volutpat leo iaculis elit vehicula, eu convallis magna finibus. Lorem ipsum dolor sit amet, consectetur adipiscing elit. Donec malesuada, erat in ullamcorper bibendum, elit lacus mattis lorem, quis luctus diam lorem vel ligula.</p>	4	2023-05-20 15:12:59.40457+00
4	Body & Skin Care 2	Lorem ipsum dolor sit amet, consectetur adipiscing elit.	story_images/care_2.jfif	2023-05-20 14:45:42+00	care2	<p>Body and Skin care blog</p>\r\n\r\n<p><img alt="" src="data:image/jpeg;base64,/9j/4AAQSkZJRgABAQAAAQABAAD/2wCEAAoHCBISFBgRERISERERERESERERERERERERGBQZGRgUGBgcIS4lHB4rIRgZJjgmKy8xNTU1GiQ7QD0zPy40NTEBDAwMEA8QHhISHjElJSsxNDQ0NDQ2NDE0NDQ0NDYxNDQ0NjExPTQ0NDE0NDQ0NDQ2NDQ0NDQ0PTQ0NDQ0NDQ0NP/AABEIALcBEwMBIgACEQEDEQH/xAAcAAABBQEBAQAAAAAAAAAAAAADAAIEBQYBBwj/xABMEAACAQIDAwgFCAcFBgcAAAABAgADEQQSIQUGMRMiQVFhcYGRMlKhscEHQmJykrLR8BQjU3N0ouEVJDM1wiWTpLTS8TRDVGNkdYL/xAAaAQEAAwEBAQAAAAAAAAAAAAAAAQIDBAUG/8QAKBEBAAICAQMDBAIDAAAAAAAAAAECAxEEITFBEjJRBSJhoRSBQpHw/9oADAMBAAIRAxEAPwDzsRwE4BHgQOgRwE4BCAQEBHqJxRCKIHVEeonFEIogOUR6rEqwyrASrCKkciQyJIDVSEVIVEhkpwALTjxTkhacKKcJRRTneTkwU53koQhcnOGnJ3JRppwIBpxrJJxpwbU4EFkg2STmSCdIEJlgmWS3SCZZIisIxhDssGwgBYQZEMRGMIASIxhCsI1hJQCwjCIVhBkQBERTrCKAMCOAnAI8CQl0CPUTgEeogOUQiiNUQiiB1RDIs4qwyLA6iQ6JOIkk00kDiJJKU46mklJTgCSnJCU4VKcOlOEgLThVpyQtOEWnAiinO8nJgpzvJwIXJxppyfycaacCA1OCanLBqcG1OBXPTgHSWT04B0hCsenAMksnSRnpwIDpAOsmukA6yREZYNhJLrAsIAWEGwh2EEwgCYQbCGYQbCSgFhFHMIoAhHgRoj1EhJyiEURqiEUQOqIVBGKIZBAeqyQixiLJNNYD6aSXTSDppJlJJAfTpydhsK7myKzHqUEwVJIWth3dcqVqtHpJpMFzfWuNZFt66JjXlYrsisONNh35R8Y87PqLqabgdeUkeyC3r2elHBGpTLI6UywdXZWJA43Bndl0K1L0sXiatwNKlQZB3AD3kzKmS1pno0tWsR3OVIQU43BYGnSUpTXKrO9QjMzEu5uxuxJ1MlhJszBCTuSHCTuWBHyRpSSss4UgQ2pwbpJjJGMkCvZJHenLF0gHSBWuki1ElnUSRKiQhW1EkV1ljUSRKiyRCdYFxJTiR3ECOwjGEKwjGEADCMYQrQbQAmKdMUkCEesasesgPUR6xqx6wCKIZBBJDLAPTEl01kanJlKQJVJZLpJI9ISfRWAekkuti4dWY5lDWGgOo8pV0lltsqtke3N5y6kta1uGltb+HCUybmOiYmIncrfbOHRkKMiMhWxRlDKRbgQdJht29o1KuIxNJyGSiaRp6AFc5cEX6RzRNdtnGMUOXKTl0BzAHTr190xG49FziMU7qqFuRXIHDnQuc3Qbc61yBwMyx1tF5mey85KzXUd2vVJzEXVHYcVRyO8KTJCrM5tHaVSpiBhaVPMgZA7hl1e401PzTYEdd+6dCi0qlg1MLfI9F2PPzMGDNYluvhJGFuyIzcWRGPeVBMqt5sZWwrlKWZwqBAalRRzdLgWcEDstK7dbb9d65w+IRVV8xpsuSyuDcoSDre+ndIkhrMs4Vhss4VkpRmSMZJKZYJlkCG6QDpJzrI7rJQgVEkYoCQDoCRc9QvrJ9RJGqLA0h3WwZ+fU8KicPsxjbm4M/Prf7xP+mS93lD4dQfSQsoPSAGJt3WtLDk7S+lWfO5OC9ev/ALxP+iVW8G6uDoYd6qVKvKIo5MPUp5Wckc22UXPHSbFlE84352iamIXDj/DpJnI63Y2ufAHzMDKOIJodxAtKpCaDaFaDaAExRGKAJYRYNYRYD1hFg1hFgFSe07tVc2Cw5HAYemnHpRch9qmeLJPXNwKmbAoPUeqv85b/AFSsphfBz2+cJnjY1cKv0uj/AMx76dt5C0a8jq9+uMZvzePWiBqM3i7EeRMBi6gVSeyBQ7RrcviBQS45FBUqv1ByQiL2nIx7LdolhhNnLwVR2n+soN2a5qVcW56MQij6ooI3+ozYYRrK2hOnAWl69nPbrZV4vDgaTC7w0DTblaLGlUX0XTRh2HrHWDoZt8bXa5/V1OAN+ZY6fW4zFbztmQmxXQ6MLESzPyt9z94hjUZXUJiKOUVFX0XB4Oo6AbajoPeJm6SYvEY1zhEpJTp46pTepUe7kitzmVdBpY2Gt9JWfJoxG0mAOjYapmHXzkPwk3dnaGTaGJpkkA7Uq2spa5NZtOIt+eMxyTNY3Hy7McRbpJ281LaFXaD4ZWSoQxVCcqFgKYqXIDC2h6pE3fetQxyUq6UizVqaA03bMuYkX1FmHRxHjNVtp0Tar1LNmXCtckcwHmqGAzelxBNuGkwWBxxq7WokXIOKo8RlNs68Rc9sxjJa19eF5rEV29syyBtT9LABwi4dm1zDEmoF7CMnE98s8sY5sQPWv7JvfWurOu99Ge20cVTocs7JnKDOE5RaalWVrqubwv1Xj9lJjDz8S1HKU5qUg5JJsQzFuGl+HXLvbWzVrUDRd2VXQ85AAwuOi9xKXZ21M9Z8JksaNNWD39JQQtiOg8Jz4terU92t53Xoi7W3iw2Gfk6rPnChsqozaHhrw9spK+/OHHoUqzd4RR94yn+UvD2xaP0VMOo//SO4PsZZnKGFS/PuFtxVQxv0aEi/nPZwcal6xaXBky2rOmsqb7lvQw4A63rC/kFkKtvbWPBKSd4d/jKwrRA05Um/VTUW8zrAsiluaCF6M1i3jadVeJj+GM57R5W1LfXHopSlX5Nbljko0zr13dTaep7m7Rq4jDq9Zs7ZKd3IALNl1Jt0zxbaiimgQekwzN19gnte5FPLgaZ9YMf5iB7phy6VpERWIaYbWtuZWtdrAzyDbdTPja59UUkHkxM9axjWB7p45XfNiMQ3XVA8l/rOCXTATwDQ7iBaVSE0E0K0E0ARiiMUAKx6wax6wCrHrBrHrAMk9P8Akze+HdfVxDW7iif1nmCT0f5MH5lZeqpTbzUj/TKz2TDbuhOgNuvj7LEWg+TYev5vbv8ATkhRHlO0jut+ErMbXidBoGGpPgc3uvaUu38TlRu4y7qGwmR3mq6Zes2hW0o+5yWbE9uJQ/8ACUJtMF6JmT3ZSxr9uJPso0x8Jp6CHKzAtw9EGw8NOM1js549yJjOmYben0D4zU4w1Bw5Q2PEtUvr18zhpMjvGhVDmZmJGoYqwU66AgC/9JZnLP8Aya/5mf4ar70jNiG21cRov+Z1PSvx5dtBpxhPkz/zNv4Wp95JG2S9tq1+3ar/APMNMMvtl2Yu8NfvewGOfmrd8K+ugN1cXJOS9rEaX7Z53utrtWjw/wDFU+HD0uib/frEhcYtgpL8vSJscwJW4F7fR9k8+3S12rQP/wAqn77zHF1tP/eW1/bD6FtI1fR046lgLAnW3Z4w9WoEFz3ADiT1CR1R3N2Nh0KOA/Eza8eqNMYnU7S8YeaLAmyi/Nbj5TCbCbNtGvYGww/OurDKTUWwII0vZvIzcNSNpndqYV6TGvRID2swIurrxysOkStaRFvUmbTMaZD5VKdmwr9FsQh7/wBWR8Zk6Zmg3820mJw9IgZKtHE5alMm9s9NiGU9KnL7JmsO91E9zh+zTgz+7Y5S8l4ChncDtke4lngP1aPUPzVNu8zvjs45ndtKPbtXNVNuAZVHcP8AtPdd2qLjBUAGy/qBplBsSL3177z58xL5mv0ksfYZ9E4G64ekFcgLTp8DTFrILjnfnWeVzZ3Z38ePtB2gtQLcupsOdzOI6bc7T2zyHDtd6568Q/3VnqW0qzWN6nN1+dRIOnDQA69k8q2eb8qevEVPuJOCXQI8C8O8A8hITQTQrQTQAGKdMUCMsIsEsIsAqwiwSwqwDJN/8l78+uv0aJ8i/wCM8/Wbr5Mn/XVR10kPk39ZWeyYelqISQ8ZWKKMvF2y36tCb+yZXbuLrU2tTxTu7cKdNSbeN/YAZjkyxSN626cPHnLOonX+2txDWExO23zVEX6Y98nbs4qpUpu9TENW1VQjLlakwDFu8G62PZKvGHNXHZf3GWpb1RFo8ss2OcdprM70tt3RpUPXiKn3VHwmnwnomZrd4cxz11qv3rfCaTD+gbce3WdHhyf5Sq8XSAN7vp/7jkHvudeMxO9Z5h8Zs8W7EkZ6Za3AKbj+aYje1uYfGSznuovkw/zJ/wCFqfeSV2znttet/wDav1f+obTWWHyXH/aD/wALU+/Tlbs5v9sVe3ar/wDMPMcnaXXj7w2+/uKKVC5tzK66D0irEob6+j3josOseeboabToX4/pdMeYM3vyi1QWdMhYM5DsGsyqOkAnSxt0N3Tz3c+oW2lhmIALYuiTbt8Zji7y2ydoe91nvWCnglNWHe7MD7EHnLLCKCdeqVLn+8N+5p/eeWmGUMbHgR0Eg+Ym3liLUlNtY8w90s3w68bEWFtHcaXv0HtMqdqUwqMBfp4sze8mJHiO9yDO7dIOnnG7v4qw5qOzFbEBluTcG4GQ9R84be4av3/GV2xF0np8PrbX4c2fpXf5alq72OanUVXFrszqGugHQAD0HtjNsOEohVUJn1KgsfeSYTZ+GuRp0yBvNV5+UcFFp6eoq4Y3M7ln+LAfVHmwHxn0xh6QFJAqrzQuhFgObY204z5pwgzVFHXWoL51F/CfTlMcy3Vb3TyOVO7PQwxqFFtpOY5dKfomxHOPbxGnRPI9mjmv++qfAfCev7d/w2+qZ5Bsz0G/e1PfOSWorwDw7wDyEhNBNCtAtAEYpwxQIqmEUwKwiwDKYVYBYZYBlm0+TV/7y468O3sdPxmKSa/5Omti++hUH8yH4SJ7EPT8WjtlC5ctzmzd2lvbKKrgcZTZmoHDgt85iC9uq9uHZNMsCz0y2TNzrE5Q7A++YXxxad706cea1Y1ERMeem2c2TstsNTcu6vVrMXqMnoA66Dr4k3sOMpW1qk981+P4WEy1enla/XLViKxEQxy3m9ptPeVtu8OYe2rW++00GGPNMzmxMVSRCGqU1blKl1LqCLuSLi/URLVNqUFBHLU9fpp+M3hzeVY+z8lVqt11zXsOcb9BPZ321taYvfGrZT4zaYnEYf5j0SdSMhQm542t3+2ZPeLYb1jlapkuL6Lm4+M2pitf2wwvkrTraWf+Slr4+p/Cv99JWYBwNsPe9jtVuH8Q9vbNNursNtn12xAcVs9JqeUjk7XZWzX19W1rdMi0d2GXGHGcrq2KOJ5PJpc1C+XNftte0m3DzTE6j9rU5+CJ62/S930amalTNn0dr2W4vc8NJ5xuvzdoYa17DG0FF+Ns4Wem7cZsVmui087FjlYsb69Nh1zLYPdc0a6YgVMxpV6dbIUtmKMGy3vpe1r2mGPgZ62ncftrf6lxpiNW/T1Fz/eG/c0vv1JbYVrG+p04DjMQ+36mc1ORTVES3KH5pY39H6XslzsDealWYo6cnUW3MLBlYH5ykgeItpcTTJxslI9Vo6K4+XhyW9NZ3K9evxPJ1NDwst+nt7PaJV7TbMjaMLXHOFr6cR+eiWVRL6hafWLp1cPKV+06YCmwAuNbACYS6Xim941f89MrtiDhLreWjyjsnSwe31gjEe0CVm7lFnZVQFieAE9Phe7+nJyPb/ba7Kp2UsegTF7Zq5qjHtM32KpmjQYMMrWItPNcY92J7532t9sy5or1iD9ipmrU/wCJw5Pdyij/AFT6ZT0fKfOe6dPNVT+Iw3trL+E+iTfIwHHLprbWxtrPIzzuXdSFPt3/AA3+qZ5Bs30D+8qfenq201dab59OabC9+g3P56p5Tsz0G/eVPvTnloI8A0O4gHEhITQLQzQLQBGKIxQIiiFURqiPUQHKIZBGKIVBAKgmo3CNsYnalQfy3+EzKCXe7Vc0sRTqKLkMRbhcMpU++RPYeyhrC50kNwitnzi+umYAa24+yDw+PLkCwW/STecxOKYcACOsXmUzC9ZmA65uZ57v/hhUxWCokEq3KF151iGdBrb6pm3bF8Tbh0X4zznbeOqV9rI3JPkw4p01IRio4uSX6CS/sERMSTVabY2TTq4ynggalJDSGU0SVCNlvcnove3R0SfS+TzDg8nUxGJFRszUyuIfKyAC2YHgb5hYE3C304Cuxe0Au1lF1BfDpZiSVU3YXPXYJe3Z5bFMTTZFVmR6OUvQq0yC1MhQVyDiObmNuFgV1BAkTMxPdeK7hn6W5lOmSVq4lKlEo5zYio6OA17Fbi4sLX4G/eIfaLnMO4S8xOORUBqEOzB0p1abKysrCy5rW46aWIvaZvaj84dwnrfTN23t4n1aYpo5DGvUUG2Zb9Vxe8gYjEsAAubM3SFzAAW4+Y9sjcoSScr3a3zB1DpJ6wp8LdE9WekvFj7o2tDWXjmFuu4jXqdoMqdTYAdBC83KQAyg38Ce+/DSdp12JANyNOCWHDpPZpJj8otHTomVH4zKbRxbUq9N0Yg5+jq0mjZpkN425yfXPunPzI1il1/T53mh7Rs2otRFYlrkDg5HRJG0BzLdkzW7eNYKiBQVOW7Em4GUnQAdg42Go1vpNLjfQPdPAl9LDyvGJmxiJ61UL5gj4zP7q1mR1ZQCQOkhdLWOvjNZyN8dRPViKZ9pkLD7pKrPlqOFSrVRbZBYK7BeI7BOvjZq0t93xpjmpNq9FnvVim5IFrAuOAt8J5vianGekbd2BTKpkxdSvZbsoFMZOzQTMHdfObK1TvIQj3CdOTk09OoZUxTvcn7jJmcfRxGDPnVb8J75UBKMFNiV0I4+E8k3X2N+iAsSahFai55oQ5U5wUam55x6p6XR2xTqIStOplIte2U9ut7gzgvkrPV0xXSnxlGolOoHJsfRu1/m84+d55rsocxv3r++ehbe2vSVGQioGcWAY5rm3AAmYPA4Z6aEMLEu7W46E6Su9phx1gGWS3UyO6GQlFcQTCSWQwTJAisIoRkigPXBN6sIuCbqnoi7Ep+pCrsan6g8hJQ86XAt1Qq4JuqehDZFP1B5CPGzKfqL5CB5+mEbqllsjDEVkuNOUE2A2cnqDyj6eBUEEKLggiRPZK1w9IEgXH5EJibA2uNJHSo6nQDyMDXqOTqqnwMwmsrRJtVV6CON+MoNnbzPQxb4ZKaOHqjU3U3KKOPhLhwx6Ld0z/8AYNH9I5c0zymcPynKODmFrGwNpEUnbSJhtcTsnDVUdalBWXEMprI/OzshzLc34A6i1uJ6zCDA0eV/SeTTlxSNEVMozCle+TukR8fUy2BHH1V+ED+n1Oz7M1rvyiT8VsTCrh+RWhTWnQZsRSRVsErDM4deo3J8NOGkxmPxAZ+u01742oQb5bEEEZRqOkTH19lMWJUsoJ0WwNuy89TgZK0ifU8f6lgtlmPSGrxxqRv9nOPnH7I/GL9Af1j9n+s9P+RT5eRPAy/DheMZ484B/WP2f6xp2c/rH7P9Y/kU+SODl+Ed3mU3mbnIfpH3TXtsx/WP2R+Mq9obsiowZ3cgeiFAUCc3LzVtimK93dwuLbHki1mz3Pa9IEKp0FiTr0dnaZpsWOYe6YbYODqYcBadeqF6mFNh7VmgrVarDWo/2UHwnhzWXtxLOlB+lI3VVQ/zTQ4Circpc+nVqm9vpt+Mq8Pgf1yuzO9nHNbKF10voBLamzIzBdBnY2sD09srNZWWWJwVNVA5vDjlAJ0txlXiKFNQMpAABEmYivUsLm+nSBK/EZm0NvAWlbRaSNK98VlLAWPoHh9ATTbAq56APa48mMpsJs5LNmXMSQbkt1AW49kt8AnJpkQZVuTbjx48ZhnxWtjisfKdxtmd7zarS7HYnwRpUvW/Npp9qbPFV1ZxfKWsLkcQR0QA2RT/AGY+0/4y3Fx2x49W+UTO2ZerAs4ms/sqn+zXzM4dm0/2S+ydSGQZxBMeybI7PT9mPIRpwafs/wCUSRiW7vZFNVXwq5jzOro7IoGyAjgIrToEgctFHWitAbHLFaPprrAKqzjpDKojXEosjFIDImbXjJpEh11s47YCa3ADXoneT7NLeN4vneEOfafZLG0dqenDU+6R3oSw7JHebYpZZEI0BG8gJLIjSJrtlpF5ATooCSCD+TOgSdo0iPQEh4hLWlqwkLErK2nomsdTMMknmnpA4ZJLcaTnlvCFTXnr9Ye+EPFvrH3wKtZx3iCFRiTrxJ6oiNpTK72AuD4yLnvO4l3sLm/lIZc/kCTNVdrbCgWP56JNpkWlZgHJGuvOWXAGkpMLIGI4jviAENXGnRI+HGniYiNEHWnCI4rERCQyI0iEIjSIEGuOcfD3RR1cc4+HunZKF1adE7FAVp20UUBWj6Y1iikJSAYItrOxSJTBrSNXpFiCLadc5FIDGVr3Gh8IgX7JyKWhV0Fum3tjnEUU1ozsYRGmKKaquWnDFFCCMjPSzGdikW7Jr3SqdO0c/CKKc8tla/pXg6K3OsUUvVEj4hNJBKRRS89lYTMCLeYlz0RRTKVkaotgYPDjTxiilUweROERRQlwicIiigQ645x8PdFFFA//2Q==" style="height:183px; width:275px" /></p>\r\n\r\n<p>&nbsp;</p>\r\n\r\n<p>&nbsp;</p>\r\n\r\n<h5>PROEDUCT HISTORY</h5>\r\n\r\n<p>Lorem ipsum dolor sit amet, consectetur adipiscing elit. Nullam volutpat dui at lacus aliquet, a consequat enim aliquet. Integer molestie sit amet sem et faucibus. Nunc ornare pharetra dui, vitae auctor orci fringilla eget. Pellentesque in placerat felis. Etiam mollis venenatis luctus. Morbi ac scelerisque mauris. Etiam sodales a nulla ornare viverra.<br />\r\n<br />\r\nNam sit amet sapien vitae enim vehicula tincidunt. Cum sociis natoque penatibus et magnis dis parturient montes, nascetur ridiculus mus. Nunc faucibus imperdiet vulputate. Morbi volutpat leo iaculis elit vehicula, eu convallis magna finibus. Lorem ipsum dolor sit amet, consectetur adipiscing elit. Donec malesuada, erat in ullamcorper bibendum, elit lacus mattis lorem, quis luctus diam lorem vel ligula.</p>\r\n\r\n<p>&nbsp;</p>	4	2023-05-20 15:12:59.40457+00
5	Accessor 1	This is a blog about accessor 1. Visit our website to purchase our products.	story_images/accessor.jfif	2023-05-20 14:50:26+00	accessor1	<p>Accessor 1 blog</p>\r\n\r\n<p>&nbsp;</p>\r\n\r\n<p>&nbsp; &nbsp; &nbsp; &nbsp; &nbsp; &nbsp; &nbsp; &nbsp; &nbsp; &nbsp; &nbsp; &nbsp; &nbsp; &nbsp; &nbsp; &nbsp; &nbsp; &nbsp; &nbsp; &nbsp; &nbsp; &nbsp; &nbsp; &nbsp; &nbsp; &nbsp; &nbsp; &nbsp; &nbsp; &nbsp; &nbsp; &nbsp; &nbsp;&nbsp;<img alt="" src="data:image/jpeg;base64,/9j/4AAQSkZJRgABAQAAAQABAAD/2wCEAAoHCBUVFRgWFRUYGRgYGhgZGBgYGBgZGBkaGBgaGRgaGhocIS4lHB4rIRgYJjgmKy8xNTU1GiQ7QDs0Py40NTEBDAwMEA8QHhISHjQkISE0NDQ0NDE0NDQ0NDQ0MTQ0NDQ0NDQ0NDQ0NDQ0NDQ0MTQxNDQxNDQxNDQ0NDQxNDQxNP/AABEIAL4BCQMBIgACEQEDEQH/xAAbAAABBQEBAAAAAAAAAAAAAAACAAEDBAUGB//EAD0QAAIBAgQEAgkDAwMCBwAAAAECAAMRBBIhMQVBUWEicQYTMkKBkaGxwVLR8GKS4RQj8QczFTRyc4Kywv/EABgBAQEBAQEAAAAAAAAAAAAAAAABAgME/8QAIhEBAQACAgMBAAIDAAAAAAAAAAECESExAxJBUSJxE4HR/9oADAMBAAIRAxEAPwDr8Tg1cbXnO4zhz0iWTUc1O3eaWE4oBYGajOjoT2P2nh4r1ORSpTqaNo3MHeJaQU6GY/FPBW8J5y9hXJtOdakUfSvA5qfrFHjp3ZT1Hvr3BH2nJ0sRcBl2Otuk9BxD3FjPM6Ayl0/Q7AeVyPxO2POOvxjLit3C4q86PguKKVEcHYi/kd5xFBjedNw59NZzs9as5j2ii9wD1lhZl8DqZqKH+kfaaiz3S7m3mvYxDEidwouxAA3JkKu7+zdE6keNvIH2R569hLtFvML2vr0hSulBEBNgObMTqe5YyBsQ2pS5Qe8dBvy5t5ye2u100IoKHQXjVaqqLsQPz5DnLtBxTC416R0cPTNSs/q1BAFxmdidgqjnoe+nKV/R30kw+MBfDuXCEB1a4dc17ZlOutjY7adpPZdOlMYmAXg5pdoO8e8jzRwZQceCDHgPFGjXgPeCWkdWqF3MzMTjydF0ExlnMe28cLkvYnGhO56fvKVDiLZvH7J+Fv8AEoFrwSJ5r5rbt2njmtOiDwg0y8BiLjKdxt3Evq09WOXtNvPljq6TxQVMKaR58eH9JVxjVEWwvadJSA2IixGFUieDT1beaVKbM9zf4zRwxtL/ABLBBWNpSdbTFahYiqALk6AXPkBPN8I2Yu36nJ+ev/6nS+lPEMlPID4nuPJdMx/HxmLwvCkgC233O/4HwnbD+OFt+ueXOWvxcwVDnOhwVKwkeAwNraTco4e3Kcrd10k07v0aX/YTymwzBQSTYDUmUuE0clJB2ElqDO4T3VsW7n3V/M92PGMeW809GmXIdxoPYXp/Uf6vtDpqXLEk5QSqqDYG25Nt5aAkOB9n/wCTX+Zl1zpDjCJ+kHnrr95PaDUfKL2vt9Tb8xlJzWJG1xbl5y6kQcq46jmFxuNPhz/eW4iLyWbhHmP/AFD4E+Jw6hdHpvmF72IIKte17edo/wD0l9HHw1OrWqG7VcqhRewVSxvcgXNz8Ld53GJoANDwoI05d9/55zzz2n8fjrrG8rVoMcC0FtZ3nTFEGhLIVHSTKJqMjEe8GQV8Uq9z0kuUnNWY29LDNaUcTjgNF17yliMWzeUrEzz5+b5i74+L9SVapY6mRRRThvbrODRjE7gWuQLmwuQLnoOpjM4EKdXKkMNx/LTbpOGAI2MwaVF3NlGnX/PKdDRpkKAdSABeerw7efy6SpDgqIU7uLmACIz19JkVaGKXWliFYfoqoCf71sfnKtWpxAb06Ldw1vu08W3qWsbrrOV4/wAWp0B4jdvdQb/HoO8t4vA8Sq6F6dJTvl1P0ufrIuH+g6I2aoxqvuS1wL/+m+vxvJ6zuru/HF4TAVcS/rX2O3Sw2sOQH+Z2HDuFKg05To04Yq8tJaTDAcpMsrkYyRlUcLblNPAYLO6L1Nz5DU/zvJ1pAToeB4HKC7CxbYdF5fE7/Ka8eG6znlqNFEsLCV+FDwX5kkt53k+NxK00ZybWBI7kC+0qcEUhPESTzJ3J3vPVv+Wnn1w07SsfA9/dc69mP4MtQaiBgQdjpLUFaJUA2EhwjkqL7i4PmNJJWYgadRr0HMygo8Cm2pF7iw179IZgRVqWa0FKVpPGIk0u0GS/l94QSS2guekoAII9pAlckkW26bSxCK2MVijBDZuRAB2Oo101GkysQlj9R5Gbbac5QxSA3ty1H5H8/E4+ab5dvFdcMsQoTLBvPK9BpRTFNVYphlDkGzuTakh7t77D9K/EiWq7LYhhcEWI3uDoRaWMPTdkVFUUkVQMqCxsOQ2sJvDHdYzy1EFOjTpHX/frkEFiNFB3CgaIvYa9Sd5YwfDOb/28hLuGwioLKP3MslgoJJAA1JJsAO5npx8c7rz3O9Q9NABYSUCYFT0ywCtkOJS+1xmK/wBwFpt0MQjqGRgynZlIIPkROksvTNl+phHkYMK8qOSEnQ7QMkO08Uesnpc5EVlm8iJHWBC6QQstUcO7nwqT35fObWD4Uq2Z7MenIfvNY4XJjLKYqXC+GFiHceHcKefQntN4CPaK09OOMxmo45ZXK8svjlLMgvtchvJhb8SrwTFe6xFxofMc9eRFvmJt1qQdSrbH+fOc1i8AyMTqDYhXAuO1x2udPPqZyzlxy9ouOrNOoEq4/HJSW7bnRVHtMewnOU8XiFFvWX7+H7ZfzJMJgGdy5LsSSczkkAE7LfkOW9u0f5fbiQ9dd1v4AHLci1yT895akZbKAALm3w+JhIDzOv0nWccM2fTVHsNBc8h1MFNN2ufp8JIBHMaXc0EOOojgxpTxBU1FAsGUZmItmCHZT2Yg/wBpPKNoumAYBqRg0okVANhCtAL2FzBBY9FHlc/4hEeMoll01PS9vl3lfD4QqCCZcOcdGHlY/sYSkEXEnrK1Mq5+qMpYHlt27fD7EdZAiu5sg0/UdvhN/EYBHIY3v25+ckTDhdhOM8PPLrfNxwzsLw5V1OrdTL4STBIiJ2xxmPEcbbe1dxOcxmF/1jOruwpIxQIptnK2uWPS99OwnTOJgYNvVPVpNoWZqlMk2DB9xfqDGU3imN1lHmfGMNTSuRTNkR1pWZUYu5YKSq5lZlDNY2BOhnfejGOSyoqhG8SlVa6sUZkaw6gqdeYnD/8AjTUiQ+UPmZ6yBFar6x0LF6ZJ8FnyBbAgi7Ne5lz/AKepVrV6Zy2p0E8bXYguQdLndiWJ+c88xks129Ntsu3qymSXgqsK09TzHqYGm26DzGn2kDcJTkWHxH5E0Ipm44341MrGcOEJzZvmP2k1PhtNfdB89ZbiiY4z4e1/TBQNtIswgFrk32+8DOTtp3/aXbKa8eCEELIOkoUYiIqJGjFtV0HInn8IDjDp+hf7RDAgkN1v2taOj3k4DxRRGAhEYhI69ZUF2NhChd8oJPLpv5CZuGTIGdyA7nM55Dkq36AWH/MvqozFrbgDztfXtv8AeRYmkHWxt1FxcXGoNpmzaxFSxCsAVOh7EfQyws4rheLxKYx6VaxpHwhhYBSPYPYNtluTYgm07NFI3kxylazxsSPqVHe/ykzMBIWGxHLX94+YMR0m3MQZjsAPO8BXKsQRvY6ba/8AEnJAFztApre5PPl25QJAY0ClzHQ2kkoBjaVatYg2tLZErvT5285m7U6m8ixODSoMrqGHK+48juJKgkgE0jm19CMFcn1W5uQGZQeui2m5g8DTooEpoqINlUACWZGxuZmSTqLcrZzRhY8EIYWU9ft+00iaKKKAoUGKADLc85Eth8JMwPLnvACHrIDR7woyiPKIsV7IH6mUHyvr9BJYFdMy2G+hHmDcR6b37HmOkApDs/mL/X+fOTEyGmczluQGUd9bk+W0lE0Z9o8F0BBB2OhloGrUCgsdh9ewmalN3fPU0A9hBsOjN1b7TQpYcLrqT1JudrfYCEyTNi7QaxwID4lAbF1v0zLf5XhK4MoocawWdCQPEoNu45j8yLgPEhWUqx8aWDdxyb8Hv5zYWckeC1VxpqUmFOnubeInPutjoFv+LdZxyxuOcyx+9usymWFxy+df8dZSgVqYuG1HWxIkSVitr2I2uOXnLo1E7TlxAlIb6nzJMNmAFzA9XbZiO2hH1EcU+ZJJ7/ttAVMczuTeHGZgBckADcnQfOAtZWAKkEHUEagxsHERB9YIUoApEp/zDjFZA8VohHlCtFGj2gFCiigKA7gbmQ47Eimhc620A6k6ASLh9IkZm1ZtSf2kFj169fnpDBvEyAixFxKNBylQoTcbqe38BgX4UGMWtKDkbID+8JTCgReqHO58ySPlD2hQGgCtQH/iM1T69ZXVjmtLKrJLsOB1nP8AFsS1R/VqxC31ym19wbkfadA05PhrXZSeuvmNCPmDJRr4XhiBbFFI7qJDisJ6kZ0JyD2kuSFHVegHMTWp7QMaQKb32yNf5GLIIMJXzR8QSrZrEqRY2BY/Ia/zlKfClOl+gv52myI1uK56nxqnUdaSBsp1DlSqG2yrmsSbXOgtpvN5GFpheknDiymomjrY6dtQR3EucExwr0lfZh4XHRhv89/jOeGVmVxy/wBOuWM9Zlj19/tqXkGMxS00Lt5ADdidAB3Jhq05/wBJ8QisgbUm4y7WU6FgeR1nTK6m45Sbqi+IrYpyqAMFNmLa0k/pC7O46m47TRpejOnjxNYnojZFHko2mnwjBpSpqiCwt8+5l+THCd1bXPf+DVkI9XiXdPeR7MSP6W5GJOIvRLK62APhHvtfXwi+un56ToJU4hgErJlcdww9pTyIPIxcdcwl/UuGxCuoZTcGTTk+CLUo4h6TuPZzBbe3ro69DbcdROrRry45biWaOTBFQGERBVLSoJY8UUoKKKKBn8cpFqRt7rK3wG/3v8JYwNQMikdBLBEqU8GUJyN4T7p5eR6SC7M3EDNiFt7i6nzvp/Ostlm5AA9d/pGoUQtzuTqSdyYolJgE2H5kkgr076X/AMRQ9N5MJUI1ll3yqT0BPyiBNUA059BvGNS26n5X+0ailhc7nUnvJJQKEEXEe0rO+U3UGx36eYky1RexuDyB5+XWQGZzHFMFUou1Smhem5zOqaujH2mC+8p3sNQb7306eNFmxz2G9IqFrFwD+kq4f+22a/wkrVHxGgRkpbkuMrPbUWXdVv11PTruESHEV0Sxdgt9BftrJr9A4ehlEsTnOJ+kDItQoobKoZN7WIHtDfrpLGB9Ikc00ysHqKXAOUWUGwZtdAeUTKdLpssOs5MOcJirbUn32Asx8LbbqxIPZu0628xPSnAGrQbJ7aAsvce8vxEx5cdz2ncdPHZL63qtdxac36XqCKFwP+5+QPzJPRHi3+ow4DG70zka+5A9knzXTzBlL00zr6trnKLm3LMtj87H6RbMsdxiy45arrqXsjyEOV8BWDojA3BUEfEXlidWSiiigY3pDgywSqhCvScNcmwyX8YJ6Wl/A1s63G1+Wo72PnK9c+uOQDwKfE3JiPdHXvNCmgUADQAWtMyc7i3ocUFmA3kLVTyEu0WLxrysajdoPrG6CNi9CgzF9KMeadPKGys9xmG4W2vzJA+cZZamyL1biVNTlvc9rfcmMOIA+63na4+mv0nKcCQm5JvaxDHfyHadLTa3VufTztMTK3lrhN/qR1kqVbzK4nTyEOvssbEcgdwR0vY3726mBhcVrNTL9Sxvgx5FSOklmkLKIFZMykdQRDigBRfMoPzHQ84Dm7BeVsx762A+/wAoTU9bqbHn0MgdmDg6DMMt+4JI+5kE1c7D+bW/f5Q2QMLH+dxBRLa7nrDvAjw7kjXcEqfhzkkhw2oLfqYkeXKTShiZx2L4g+IxBSlVR6IynKQQSSpBAZdxe++oIJ5TsjOTqVfU1gK1VM9VlK00VgvMbty02vvfrM5dE7b+EwSKtiqnTXS+nTXl2mXx7gCVFLoqpUyhc4AuEF7hdLg2J211m1QrqwuCDJo9ZYqlwnDlKSISDZQPDe23K+suGQYXQFf0sV+A2+lpPLEYvCvR9MPVqVFY2qW8FgFWxJ+O8P0m4a2IoMiWz3BW+3Qi/K4JE14pJjJNfFttu65zgK1sNSWnXS6roHVswVeQY9uu06FHDC4NweYjsoOh2mY2Dakc1L2each5D8D67RJcRqSnjqx9hL53FgR7o5senaLCcQRzluA43Xn8LyPh7h2dj7WbKRbYLsI3tFnC0AiBQLACTO1heKQVrFgNfCL25HNp+PrLQzAnU6/iOohWiWAxEbLDJjQLM5v0qoZmQ2vdWA7EEGdJKuPwgqrlOhBup6EfiTKbixynBBlOw6E/bSb+fbW9jawmK+DdWswy67338jsRNzDuBzH8+8xFBxUWohLa5kA/uzfYGUcNQNxNOpSLm7CwF8oO9zux+wHn1ktLD2mpN3aX8WKI0jVS2gH3hrCUTSBpE21hxpwXp16aPh3OHwxQVFAarWqG6UQ1rKFAuzG407jQ8lsnayWu8ZrSCqVYWM8s9GuIYqoc2Ir1KpcnxoQqKpAZGUKoPiGceLQFLEXM6PDcTrI4SrqGzZHHvBTbUcmtY/HtMzyY26W43GbrrUdhpcN56H6Q8pb2iLfpHPzMzMPirzTotNMpxIHdjttveTwcoihIdJn8V4Qlcq7Bi6K4SzsoUuBdvDz0Av0J6zSAijQ5PBcPxFKqiZgyBN1DWBuPaJ530A6TqKD5lB+fYjcSSV3BVswFwfaA5f1D7GTWkkLDD2z1dvobfiTzPpYrIAuRyBoXFsu++pvJf9YTsunVibfMAj6yyxpbtFIMPUZr7EcmFwD5X385YlQ0UeKBkcawhbK6JmZb3tYPY2sQT0sTbykmGd9XyA3OoDdNOc0opn152uwiRX8TfDp0EmMgJOfsQLHuL3H2lqCjGIyMwHS9zf4eUO8gNTlGzmBpRRopUJgDuL+cZaajYAeQAj3ik0uzWjhYo8oaKPGgKedt6N0albFGqLu9R7FiQLkhk+FgPkJ6JOa9LPR966lsO4SpaxzEhXHIEjUHvOXlxuU4+OniymNu/rk8JVTN4cosbEaCxvOkr4XOqKB4kYEnoSGBXzsfrOLp+hHEmYK9gLi7GqMotzFrn6T07hvDRSRUJDEAXIFgTaxsDc/Mkzj4scvbmadPJcfXUu1PC4XL5zWoDSOKUmVZ6pHnOIrRR5Qo0eKA0UUUBnfKCTsAT8hKzU8wGbdtAOSg7gfDnLLLcEdRb5zP4fVdiVdR/tnKGF/FYW2Ox/eS9jQUWFo8UUoUUUaAoooxMBGQ1B03khMEmACm46HmILCC9IEgglTfXLbXzuNZGMQdc6EdD7QI01NtjrtM/wBgikbJFUrqN9B+o6L8+UPOJRLwTXD0CdSaVO5O58Al+UeB/wDlqH/tUv8A6LL8oaK0eKA0UeKA0UeKA0Vo8UChxDiKUVYsblELlRvlF9e2x+RgVuMUERnLghQSQNW0Dki29/A+n9Jj43hqVTdi3sstgQBZgQbm1zvte3bQSvV4BRYtfN4y5YBtCW9Zc7dKzgeY6CBPT4vRJIzZSGC+JWW5Kq2lxtZhrGqcYohWbPmCqWOUFjYG1xp1BHwPQwH4LTLB2LM2YNdsp1yoraFbDMEW9umloVTg9OwF2sENMAEDQ31va99fLtAkPE6NyPWLcWFtb3OlgNyfLbnHwvEqboz3ACZs1yPDlJBueWgv5ESuOC0yQ+Z8ylijZhdC5OcrpbxEkm999LQqfBqSq9NcwWoWZxcas2pba4a5Go/SIErcVojeoo0vrcHlpYjfUab6yWjj6TgstRSq2ub2AvtcmVH4MmYMzOxDB9WGrgAZzYDXKoW21uUs4bhyJmsL5goIbUWUsRp5sYEdbiarUNLKzMEzkKUvbUABSwZiSp2BHUiV6nHaSjMwcaVCwIF19UHLBjew/wC09rEg5T5yzjOHipqzuLA5crAZSwKFlNrhsrEb8+usiHBaQyGxzr7LgIrCyMg9lQNFYgadIDJxqkSq+8yM6oCjNlXS4ysQbkEAKTsehtCfSKiGCsrqxz3BCXBTPmGjHN7DarcDS5F4Y4HTuSGcEkliGALPdiHOmjAuxFrDXbQWKnwRBlOd9Ao3UXy5jTJygagux03vreA1DjlNigCsM2XW9NgudmVLlXINyjDw3tbW017TOo8JpqyubsyF2DNYnNU9ptALG2mlhYnSaUBrRWjxQGtFaPFAa0Vo8UAco6RZR0hRQByjpFlHSFFA/9k=" style="height:190px; width:265px" /></p>\r\n\r\n<p>&nbsp;</p>\r\n\r\n<p>&nbsp;</p>\r\n\r\n<h5>PROEDUCT HISTORY</h5>\r\n\r\n<p>Lorem ipsum dolor sit amet, consectetur adipiscing elit. Nullam volutpat dui at lacus aliquet, a consequat enim aliquet. Integer molestie sit amet sem et faucibus. Nunc ornare pharetra dui, vitae auctor orci fringilla eget. Pellentesque in placerat felis. Etiam mollis venenatis luctus. Morbi ac scelerisque mauris. Etiam sodales a nulla ornare viverra.<br />\r\n<br />\r\nNam sit amet sapien vitae enim vehicula tincidunt. Cum sociis natoque penatibus et magnis dis parturient montes, nascetur ridiculus mus. Nunc faucibus imperdiet vulputate. Morbi volutpat leo iaculis elit vehicula, eu convallis magna finibus. Lorem ipsum dolor sit amet, consectetur adipiscing elit. Donec malesuada, erat in ullamcorper bibendum, elit lacus mattis lorem, quis luctus diam lorem vel ligula.</p>	2	2023-05-20 15:12:59.40457+00
6	Accessor 2	This is a blog about accessor 2. Visit our website to purchase our products.	story_images/accessor_2.jfif	2023-05-20 14:52:39+00	accessor2	<h4>Accessor 2 blog</h4>\r\n\r\n<p>&nbsp; &nbsp; &nbsp; &nbsp; &nbsp; &nbsp; &nbsp; &nbsp; &nbsp; &nbsp; &nbsp; &nbsp; &nbsp; &nbsp; &nbsp; &nbsp; &nbsp; &nbsp; &nbsp; &nbsp; &nbsp; &nbsp; &nbsp;&nbsp;<img alt="" src="https://encrypted-tbn0.gstatic.com/images?q=tbn:ANd9GcSas9Q_71TPKa9rHVRHL8Hk1oSIWPfeIiBE-A&amp;usqp=CAU" style="height:225px; width:225px" /></p>\r\n\r\n<p>&nbsp;</p>\r\n\r\n<h5>PROEDUCT HISTORY</h5>\r\n\r\n<p>Lorem ipsum dolor sit amet, consectetur adipiscing elit. Nullam volutpat dui at lacus aliquet, a consequat enim aliquet. Integer molestie sit amet sem et faucibus. Nunc ornare pharetra dui, vitae auctor orci fringilla eget. Pellentesque in placerat felis. Etiam mollis venenatis luctus. Morbi ac scelerisque mauris. Etiam sodales a nulla ornare viverra.<br />\r\n<br />\r\nNam sit amet sapien vitae enim vehicula tincidunt. Cum sociis natoque penatibus et magnis dis parturient montes, nascetur ridiculus mus. Nunc faucibus imperdiet vulputate. Morbi volutpat leo iaculis elit vehicula, eu convallis magna finibus. Lorem ipsum dolor sit amet, consectetur adipiscing elit. Donec malesuada, erat in ullamcorper bibendum, elit lacus mattis lorem, quis luctus diam lorem vel ligula.</p>\r\n\r\n<p>&nbsp;</p>	2	2023-05-20 15:12:59.40457+00
7	Clothes 1	Lorem ipsum dolor sit amet, consectetur adipiscing elit.	story_images/clothes_1.jfif	2023-05-20 14:55:32+00	clothes1	<h4>Clothes 1 blog</h4>\r\n\r\n<p>&nbsp;</p>\r\n\r\n<p>&nbsp;</p>\r\n\r\n<p>Read more&nbsp;</p>\r\n\r\n<p>&nbsp; &nbsp; &nbsp; &nbsp; &nbsp; &nbsp; &nbsp; &nbsp; &nbsp; &nbsp; &nbsp; &nbsp; &nbsp; &nbsp; &nbsp; &nbsp; &nbsp; &nbsp; &nbsp; &nbsp; &nbsp; &nbsp; &nbsp; &nbsp; &nbsp;<img alt="" src="data:image/jpeg;base64,/9j/4AAQSkZJRgABAQAAAQABAAD/2wCEAAkGBxISDxUREBIVFRUVFRYWFRUWFRUVFxUXFxgXFxYVGBUYHSggGBolHRkWITEhJSkrLi4uGB8zODMtNygtLisBCgoKDg0OGxAQGi0lHyUuLSstLS0tLS0tLS0tLS0tLS0tLS0tLS0tLS0tLS0tLS0tLS0tLS0tLS0tLS0tLS0tLf/AABEIAKgBLAMBIgACEQEDEQH/xAAcAAAABwEBAAAAAAAAAAAAAAAAAQIDBQYHBAj/xABKEAACAQIDAwcHCAcHAwUAAAABAgMAEQQSIQUxQQYTIlFhkaEHMnFygbHBFCNSkqKywtEkM0JiY3OCFSU0U7PS4UN08DVUg5Px/8QAGwEAAQUBAQAAAAAAAAAAAAAABQABAgMEBgf/xAA5EQABAwEEBgkCBQQDAAAAAAABAAIRAwQhMXEFEkFRYbETIjIzgZGhwfAj0QYkQmLhFFKSsjRyc//aAAwDAQACEQMRAD8AsuWjC05lo8tG1xoCby0eWnMtGFpk6ay0LU7ahanSTVqGWnMtC1JMYTVqFqctQtSSkJu1C1OWorUkpSLUVqctRWpJSkWo7Uq1C1JKUm1Fal2oWpJSk2oWpVqFqSUpNqFqXahaklKTahalWo7UyeQkWo7Uu1HamlJN2oWpy1HamkpJvLRZactQy0kk3loZacy0MtK9JNZaGWnStFlpJ4TJWiK0/loitJJcxWiy0+VostSlJdFqMLS8tKC0xKlCbtQtTmWhlppShNkVX+U+AxUjIcLJkABDaI1ySLecR21ZMtFlqL2hwgqym91N2s3FUP8Asfaf+efqR/765MfHtKFol51yZHCC0SEAkgXJDHiwAHE1oxFRm1l+dwv/AHMH+tHWatSa1hI91vs1qqVKrWuiDwG5VTCYfaEqq3OkEklWeNNAMyt0A+pvbXqv104+D2lc5ZDdR0mMYu5ubZUz2Ay23kXvw3VdtjYC8F7eZc6ncxY3/EPbT0mFKorkedfj1f8AhqLaTHR1jN23hKk+01ac9QEX4jYDGyFQfk+0B0rsYyWumUZwLG5Z89vO6r9Wm+mMLh9qObSZo2BBVit1As2foJISTqu+1td97i/7Yy4VS0oOUG5C6k5jqB2kml4KDnoueTzbKV4Hp2sPH3U/Qs1dbWMfOCX9XV1yzo2yJug7BmqQMNtC4yykAk5Lx5ub10zm95CVLeaBrrfSxIJtELcuScxzKIlUsLWVhdyE3dZJuNBrWg/2Uwzg2+bAY69fD3+FcG1mXDxrJKDZ9bLqTc2Gnot3Gotosdg4+Y3TuUnWmq3Gm3yO+N6o+F/tRyRIShA6LGJbHrGVXJPZe2/fXRPFjxIqiRjG37XMj5u/mBmLgsQct8q69l9LtFhSyNINyW19YiuiXZpOIMItpr1C1g1OaLBPWN2XDhxUW2uq4NIptvIGB2zx4LPMW+008zNIbkMRCguL9FgrSdEb9517KWBtEvGpYhHUNI3ND5tv2kJzXvmB3AgAgXNiatSYxDK0QBzoAWPAggEAa9vjUt/Zbc5zel8oY69lz41J1BrcXHaoU7W95uY3EDDfP2VCiOPIUyEi7FZPmwMqC+V9532O4nzl6jXG0u0yXDRy9H9WVyAOb20Ge/m3Ott3srR4Nls4XT9ZmG+1wu/41G4jEqjojAkuTltawI3k9lie+k2i0kgOJjjmk61va0FzGieHAH3VQC47mlc88ZLkc0AFYC4ubl8pHoNdYhxIlCXmKHV5L2CdEGxU633DcdezWrj8j+a542tfIOvrOnsHdTsWAJkRCLc5Y6nfe/V2CkabB+o7du5OLTUMdQXxs3mBtVJRsQTZocVpqrGVQCe8kE7t3GnIMTOVztg8SGXdGcQt3va5Vhpca6G1WPHYhYmVXBJZ8otbRtdTfhpXZh8MXDkAdABvRw09l6d1BoEknzUG215IAY2b9m6ePBV2ORhKB8mnswF2+UNZCN2cWvc6jo5vNpODncsY2wU4UA5ZPlV0b0gdIA7vNqzNgyAjafObu8Ae+ibCZZOa3WsoHcBrUehZ/cdvorDaqg/Q3YMDtE71Wo5WMZBwc4y5cpOLNpACLFSL2J7QLXpCzyuhL7PmjIK2BxpZib/s207NSN9W0YAmVogB0eF7Do6j4VzqqnzmUWuwzMFuR1X3mm6FkTrHZt3qQtVWYFNt5IwOzxUJkDBGOFmRiSCrYprjok2urEW0voeFM4zEc28afJJiZGCgrNMwGo35X03i2mtWVMMWUycEt9rSuHFr87AeqeMd7p+VNUpNaxxBMhPRtL31WAgQeGe3HEKJwSmaJJBhmAcXs0+IBHsMlO/2dprhrn/uZvdzlSeyltBEP3F9wrrtVjKLC0E7t5Wera6rXloIiTsG/JR+y8MUjylQvSJChmaw04szHr4125aVahatAECAsjyXOLnYlIy0krTuWhanUYTBWhlp61DLSTaqetRWpeWjtTSpwm7UdqVaipJoSbUVqVaitSTJBFRW3GtJhSf/AHUH+tHUxVT8oc5jwwcXusiMLb+jIh07aqtHdlarF37fmwqw7I2qibLedjZXdlB9MpRfE11bR2lEkWHVpFUMryAk6ZAUBa/V0176w7amPZMPHErMCzFWTMxU9INmyE2B6R7qlMXtSXETxLIQRBFzYAUKADlIWw6si6+ihAteqNaOPkIXZj8Ovq1Oj1rrg7eNZ0mAcYicjMK68u9uxTc7zThlWSJbg3H6kyXB7qm+RWKzbKwxH/VeIL2hTmbuCN3Vk+z40LZ5SWSaRUAUi1jYHMToNBqeAqyYSfmlJLDJGgXQdHLGLcLA6caVS3DoWsAv25hKl+Gqn9VUe90NxbdMgyL9gMDyIWhSbbjIx8gboxyJATwz2QW73AqveUbGgFISdUhhcj089/tqpHE87BFoV+VTQsygmzNmV2YjjcJep/DMJp8RzgzKAkRvroVva59bd21nOkxQf2ZiTiNlyhV0A6rTgviQNm0knerZsjEA4Pfq5w9us5iv51IjEj5TPJfRFkv2ZFsfdVK8ncTDDLDnJCYvm1J35I3DWv1WDd9S2yZxJgtpS5rWfFi53AEu48GFXM0i2r0hiBMDjOrj6oY/RzqHRtmdUyfDW+8KE2XODjZO2IHuEQ+NXeTaiLi5jqebUIcov0ubR/cwqkTYBcPisPIpAaSGSNgT5z3ha4ud4CvoOrsosPtI8xtDGE6tPLl9MaLGOA/aW27hW99obWALdoI9QPZCaVI0J3y2PX7q+4PFqJMLHfUwTS27BzYv9uqTtWcGfDG+jaj+opb31EpyrOHxRD3lZMLzK3IGQMQ2ll180b644Nrh8ImIYC0TwKvaI5F19tjUaNpDHEnbHqSr69mNam3VwF/oAPOPBadLIBhEXiXYj2E3pjam0+bxsCHQNChRutgWzD2AqfaaieUs7RYbCyL5xcg+h4pGt3ha4eWuNZcdgY1t+09zxIXKPBmq/Vm/ifWFGlcRdsb6Tep/E4WOSZll3giWMgkWB4m3Uc2/S1P4PEIqyqzAMyjKCQC2uthxrlwuf+0pFYWUYaIp25nlz91hVRXa6rCuIa9o41V+vNG7I/iDV1JvSS0nZPleq7Y3otV7G33jzBAWhzv0cMOoE/aFM7RkC4osdwkX7yisTi224XEMhKPMlwQxuM8qcesBmF+FTsW0WTYyuWYlMSFuTckAlrXqsjVm/YfUypuokkcXM9GwtTxe0ooMU7zOEUlgCb6krcDSsU2rt04jEtbtt6o80f8AnbVl5SzHJFxF5T9iO3vNUHkzhZMXtDmsOFZ3D5QzZB0QWIueNgayWkHVGQ9F0eiWU7O8vcb9ZwncC6/kte8m+00lwE8anpxlM669G7sVt2WHDtqQxkgDwrfUzREDrCyJf3is22FtqRMVHDCWiQGFJUDGzsHJdm675jpwtbhVw2/ism0dnLweSVf9MjxAqVN00XDdHIfZDbbQLbbTef1a59XbrvLBTWzP1EfqL7hXVaufZY+Yi/lp7hXUBW1nZGSAVh9R2Z5orULUu1C1SUISLUVqctQtSShN2pNO5aLLThNCdtQtSrULUylCSRSbUoiip0ySaTSjSSadRISTVR8pB/RVHW48GBv7qtxrO+X204mxSQMHbmwbhZFUXYBiDdGuQAnfWW2uDaJ8kV0HRdVt9OBMGTkPLEwPFUPHxnn4SdzEsNeo77enTXqqUgbKMTJ1Nf6iD/muDaYBnjI3AqBuuFZgVvbjZakYSOZnP0ud+IoA43NHD3XqdkY7pKjuJI/wj0wQ2ZGnOYGN3yRnpO2Um10NzlG/fU9tWD9BkUHVzlU9eeSwNvQagBGPlGEQnzYyCbXsLIM1uNrk27KtW2hHzYWJy6CaNQ5UqWAIN8p3f8VS43g+PqSpOaTrMv2DgOo0Y778Jy2rlwKDPhR/kk6deVGj77sKk9iSlYMTL14iZr9YSyj7tcODAGKCni2bwufurUrswD5LzbbjJOrei7sfA0PtBv8AAcyVVXZqvkcOUeyk/Juc2EjY73nnkHaAWBPe1duxiDs7EDKBzuPnU6aMvPWa/pVSKicAs0WDJw7APhI0S2UG9lEsuh+kb91d2yNsrJKmFUBY2jkxCrbXO0gc68QC7dunGq7MQaziPgx5EeRXN6QaQxz/AIDj7qK2pKZNt4eMKW5iFpQALnM5sCACDmAF9DuBpybAhtkEIbhiZ78WvNzpO/eR2moyfXbeJYLmEWGGbQGyBVMhF95sx07QeFT+HbLsqO515mMHtLZR8a6iziKfguTtLiCI4LM9s4sc7iXGp5mJh3H86n32UDDh8DHfpYmJDfiAvOs3cDVMkkz88R/k5O5LAfZrUdkWeTDSjezQlSOGYC57gR6CaZol7Rx9lu7FHILr8qOZUwMKft4tUHoOnuNcvlMwpGP2fKu5maH0MxXL4Fu6rTy12YJmwTf5WPib0jK9x3gd1I5W4bncVgIyL5cQZvRzUbH3kUSBKx0gJCk5D+mRrbXmZCTxsGiCjxbxrOeVGFUQY5QLKWxJtw1LEn61z7a0WO3y5+yBLe13v+GqHtgc9BP/ABVkI/qLEe8VqsTZcclTpR8NaP3D0lZ3t/EYUyRDBlivyaHng2cZcQSDIBm4dFDpp0jbs65pmbZSwgnNLtDIvZ0B8SO+qxDq7+uO4a/CrTsSPnMRgohqBPPMw6rLHlP2fGsIJDTOSJvp6zmjiPdWblVJ0YAN2Vu/oqR4VXNgcqQm1YMZLHdMLE6uIgMxVIpEv0iLt076mrFys0GX6EktvQ4jkHiTWfYDoPiAbHnVeMWsSAXDE9hsCPaaasYY2URdRL7mNk3wd04+eCmMFj0k2iZV0DPzgBtdRzpIvbiBburQOVX/AKjsz+bL7o6yrYwBmLgWswUejU/lWmcrZwMZsp79EuzXPVaI3qikeo8ZKVvb9Szv/wDQelyt+yv1EfqL7hXUBXLsj/Dxfy0+6K7AKIs7IXH1e8dmeaAFHajtR2qSrhItR2pdqK1JShItRWpy1C1JNCVRGlUk06kkGkmlmkGkolEabNLamzUgoJErgAkmwAJJ7BvrG9oSRTYuSRpmJa56MVwMzFipzOp0FhoDWmcsMQUwcgUgNIObGZ0QWbztXIF8uaso2dgg0jkyxA33FnP2lUp9qhWkXTDRsv8AO5df+FqTW61VziCTqiINwEk4EgSRfGITGO1kZr3CvEoNiLhRfjrubjXZhf1HrugPoZheuPbEZSIqLXZzuYMD6GUkGpGLowsbZspU23XsQaEuw+bIXeUGhr3NGGrP+RJ2cNycnIGKuVvaIAb9CTw9i1Jhy0YsrKudDdgB0gbEAXO69FyXwpxuICR2BkALhr9Hmw19QN3TXv7KtXKvYzYWKJWKEXJGS43FeBFVOaYmMEjaqXS9GHCXGY4Rj6cFX8BAz43MB0UUZjpvOtvTuqw7IhzTLHa4OIa/q83c+41wcmIzzPOEayMzewno+AFWnkzh/nZXtooyj1m6TeGXvNCLRVGs7gI+eZWO11tVjneXjcnmwggnmk05uRCZR1DUFh6NdOq9UvYwK7XhVtAICFHaBlPvbuq97Ra/PDqhb7rfnVHIzbajFv1ai2trDJY7t/n7qjowk1DO4+gQK2X2Z07h6BMRwh8dtKS2bKAQpAJugIOXW+XKuoGpt1A1M4x8uzYB1iEd1m+FQux5Ay7Rk1PzjsMgUOfmpL5WLgLZXfXecoGnGV5THLh8Ig/zEHsET/8AFdhTEM8Fx9oHWHzYs02OitJIim4K6emxB8av/JViItnht+eJT6Qr38azfYSEBpF+mQPR1+jWr7s7FhRhHvoMVGPrtb401PvR82IjaB9M/NoWqba87D/9wPCOU/lTG0IScbC3BIpu9mjHuvXTtE3khX98t3K350cv6434IB3lj+VEIgSsVEy+Ny4MO/8AeE4+hhoD9d5v9lUnZx+YT1V9wq9RLafEv/DiX6okb8dUXB6QKepAfCt+j8XeHusOmcGDifZZLCvzj9jt4HL8DVu8n2FzY7nL+ZEw9rMNe4GqhC/SY9bN4sT8as3IXGGLGxrqecvGR6dQR6CB40OO5dDSMOBKtPK+LpP/APG3hIp/DWcT3zO3GJxbtWQElfGtU5Xxag9aMPqlX9ytWZbXGVGPFiPAWquuPpjNFqFzyeBPkJHkYKGwk6JP0rv46VauUuIDx7LzXsDMhtvAHN/AioDZ8eUKP3APCl7dmLRYePeVeYgessS/hrFTf1jxWy3Wb8rTO1hnzBB9SFs+wTfCQfyY/uipAVH8n/8ACQfyY/uCpAUYZ2QvO6vbdmeaVR2oAUdIqKFqFqOipJIWorUqhSSQpJo6SakkkNSDS2pBp1ApBpJpTUg1NQKoXlKeVykcaSEIhdiEZhc9FbkCwsA31qpeyNlylTbKST5oljv9S+bwpXLbaQmxMrXHnlF9VOgO+1/bXBhcWgTQkgbzkcgek2rnrS41HucBN/oF6Zodn9NRpUy9rYbrX73Xn9QvEwnNsQsJI4mBDZsxVgQRx3GpnCNrl7bH31EwEGR5g11EQC9mZgPzqS2cPnZE+gyEfUUVkcLgukspPSF7iOsRhhABHrBK6+RkzjHTNGxGRebGTTe17XGvDwqycqZHkSNZHc3yjpFiekwBtfsFc3k3x4wcmKcxl2eU21C2G8a2J41McseUnyl4YBHlsedY3DdEBgovYWu2v9NReGnbs9kNa+qKwmnIJPWkbZ8bp3qk4I4mJ2RHPQIym+hXU9JTpuBq77P5SSwx5mSN0ZQ9hdWBKuW6WobzNNBvHVVa2DJnmxhO4BVHDcrX95rshBfCQX3vBHf0tofv0Or6r3Q9uEeolWVmNqfTcJvPlJj2Vs2HtpcTC8uR054NzZYaNoRlB69++1+FQOBIO2RYWDQBhfffohj2arUdyCacQvh5WIjSL5QBxUxOp6J4A8f/ANpvkFLJNtHn5TdmSQ93NXA7BnAprNZw2s/VNw8ccORn+Vz+kSG03NOJ+3zyR4OMNszEljrJJMouqm1mYKVDnpgGK2lvOJa9hUzyuNmwqHgST7FUfGoMTCLDQBlKo2IZ3IdCxUTk+aTdAzMicMyjU9XRyg21z+LjRVAVI89+lmDO2qsCAVICKbEftV047JXJV2kuu4qlbMjMZcHzQzC3tsfcKmo5XOHZtSEmhdezK17D2WqIxgIxUsagn50kDtk6Xdrfvq77Nw6Z8PhFKlpCxyk6kLG5v321qtveNzRBxmnPCfRabi0Jngcbsrg+k5SPxUqb9cR1qh8XFI2hPJzKmFVz3UDPfKpIOhtx4W6zVQ2btrF/LJosWyMU5kKFQILOzA23k8N5NFAC5uSwUSGunferJiZbR41voj3QIfjVNWImHKN5Qgd1qtO12thMafpOV7440qjPt5FQ82ksuTfza6fXcgH2XrdYIAccli0uHOLA3jzWYRHIApHSN7jiDfWtF8m2ybZsU2pN0XsAPSPeLew9dZycQGkLAG2ZzY2zWJvc247q2XkZDlwUNxYlAxHr9L40LmV0tBsuk7EvlLFdF9bL9dWT8VZVtaPNIg4XJPssfjWucoP1LH6Nm+qQfhWZ7WhyzOtvNZgO+3wFRrGKR8ETszC+qAPHJIjFivopnba2VSODHxB/4p+26htRc0R8fTp8KHNxR21Nmg8cPZbLye/wcH8mP7oqSFRnJw/oeH/kx/cFSYo4zsheU1O27M80YpVJFKpyooqKlGipk6FHRUKSSBpBoGkk1NRRGkMaMmkMadQKSTSCaUabNSUCqdyx5FR4kGWBVSYAkgAASdhtuPUe2s0EcqpDBeRGZiCuUrlAJznXj21vLVnXLsE7QQ/Rw3vd/wAqH26i1rDUGPoV034btlV9pZZYkGb9oGJg5CBum5VidbQzuPNuij0IV/5ruwR+dkbryDwprFxXgdLbxXJszGqgPOELu/8AO2gWLV6YSKVVodcInhMun/ZXDZ43kcbXpU8X6Q7ccka+wAn8Rri2Dj0lLZL2Frkiw76b2vt0Q4wxSDolEIYbwba3HEVVqOJIAVdatRD2vm6bjskghNbDwglixsbHVw9u9tfYbVZMGloMOOqBfB4TURgAiOsykZJRKgYbsx6Sj22IqwmOyxDqiI7sh+FYK7pcd32EHkqC0B4OXuix55qHESKNPk2IX0W5pvcxqM8meLViQVs0cZAbgQ7B2v26IPQtT2Jgz4bEqdxixI748PrVW8n6BMJPMRqNR6ES/vJqdgdLX5hcvpjj8vVo2VhkITNHzirFE97I7C4FwikMbASg9L6RsAQKpOCjvPPJ9KaQA9itlHuq8wgo4jeMHKj3BGbfz8inKQqDKCRo28bid1R2fHZBfeekfS3SPia6M3CFytQ3FV3lUxgxKyg2LZH377AIwtY9QN7Hj11aORcsRxj6/OxgMr3uZEcLchusa+wioPl9gg8UcnFcy99jbwNQ3JGJpcRCFJDI4QkGxykEqb+wjuqyiesPLzWnt2adw5fwt027t0wbPxEoiEpjA6LaKSxUAnTXzs3s4Vm+yuUL4rGwu6FXOVH6Vw2V1IsT0uvQkntNaNt3Zg/s+csWLmEBiWNiFbMLruuNdbX1NZhsZAcfCo+mvvv8KItESVmp3tAha3JhBPhZo23PLJ3q+nsuorLuUS4vDYBprFAzCMCRV5xAQx1KmzWtYEi/HU1q+x2vhlb6TyN3uxqp+WJP7rJ6pYz35h8ajTquZLQcVpqUWVCC4TH3WOQwhpMo858iDTi1gPeK3XDRhUVRuAAHoArJeRmFEuMj08wl2Po0XxI7q1xaoRWzi4lc+1kzQuOtSPCsz2qxaZyeNm+sob41qM40IrNtuQ5WHd9UkD7OWqrTOp4oto+Omv3H55LhO4UmcXDjrA9xAoxuo79L2/Gh4KOuaHCDl7LYeTX+Cw/8iL7gqTFRvJ1bYOAdUMY+yKkaPM7IyXkVYRUcDvPNLFLpANGDTkKCVRUAaOmToqFHRUkk0TSSaK9JLVZCgSgxpBoE0RNOFAlETTZoyaQxqQUSUljWWeVTGtHi4yhteFPB5K1BjWV+VpVM6G/SESWFtCC8n7V9O6qLYAaRneOaIaHe5lrBYSDDsMlWYdqyMOnLlBuL5F1+zT6pHoedDEkAbuJHVR7IgBwyXF/OP2jXFtdAoGUW1rn+qX6ouvXpTumZZBWqEOloN+tIkZxctL2fAEQKu4VDcqsKDOsnECLuOYGrBHuB4G1RPKzzv6UPcWrCCdZEy0HVBTOFj/uoD+KLdh52rliRrF/UPsH8qqmCX+74B1yp/qVbMXvi9b8DUPrHrEfucqIiPmxN4qe2FxfZHLb6mF/OoDkwANjk/TU3/qkaP26CpLaGJV8FjSP+mpS/XfmwT3ow/prl2ImXZmHUEqWGHsVBJuZec0A141qsDe1mPuuV0ub/ABU3FcT3uD0XKZcpSMZmkBjseggVunre+exJFVmNwSLbjutU7JJmxMS3yoQXyqiSxKQ1yI0FmVSwPRJvZwTvrJItpTYfFNvsJHzR8BZiCB1Wo+RK5wUukFxwHuVeeUWHD4Y33Aqfw/GojydRhcXc/TRQfUIPxqYkxST4J3jN1yk24jLqQRwOlR3ItrYmRRYjMjg9R1F+6mbcfLmrbL3TmnZK2jbCXwsyncY39xrGOS8v95R3628I3I91bNtaT9Hf1G91YDHOY5TKNObdCT2XN/C9Fv0lUWe8reNh/wCCw+lrxhu8XPvqv+VpM2yZewxn7aj410eT/HtJgzDJ52FkaC/0lVVZD9VgPZTnlDhz7LmH7inudTVLR14WsmBKzXyYYhflEkf7RiDD+ltfvCtKFYdyc2hzGLw8t7APkf1X6Jv6N/srb1NQBROgZakzHSqRyyQKqP1yZT/Wpse9FHtq7TnSqny6w2fZ8tt6gOP6WDHwvTPaC0grSyq6k7XbiL1VA3ClE9MjrFR2CxvORh+I0bhr1+2uyI3K+ihhELpKdVtQAt2wQth5KSlsDCTvCZfqkr8KlxUPyXYnBxX+j4XNvC1S16OUuw3ILyy3XWqr/wB3cylUdJvR3qazJd6O9N3o70oTpy9Fek3oXpoTrmLUkmiLUm9WqmUomkE0ktSS1PCjKMmm2NBmpsmpQqyUZNZH5UiTjCbjoxxra4vvZvNvcjpcK1gmsc8pl/l0h4WjAPDRFuPGstt7sZhFNDj67j+13sEWzBbDp6p8TUVtvdUzhNIIx+4tQu2d1c7S73xXqekBFhDf2jktL2TLmw8LfSjQ/ZFcHLQG624og+0/507yTfNgoD1Ll7iR8KVykZPlESyGwKNY9o0HvNZXDVceEq5jtZjCdoHqAl4FAcJhh/FT3k1ZMTvi9f8AC1QeGiyRQR77Se5XNTuJ3J649xoVVIJkbzzSqCHjxVYzFdj4vNvZST/ViMR+VdqdDBYVSNwh0uQehh2fQgXB03+7fXDyibLs7Er/ACx7OexNSuMJD4VV3hxbUA3GHI6N9C2tgDpci+lFLH1nE73+wXG6YHWAz5Lt+UZsaq88DmDlysvODOyRR3KKtlBZrdHzrFd2tZhyhwJXEuwFiJnJAFgMxz2tw0bwrSYWf5fESxtHEgQtaxyvErmyDNmBV1OUgkRX+kWiOUGBtjGDjV4onN+LC6N7eiO+jWwlAekLI+bvuqVhsU0c8iXIV1XMvA3vfSpDk3JkklcHQLCPt2+NMbUiVMX0ho0Qt/SW/Ohs5PmMSw3dEj0KVPwqP8c1tpwaeYW6bVa+GftRvdWIR4XPgsXJ1ZPBSfjW3Ic+GF+MfvFZXsLDE7GxjW/acfVjQfnRbYh9lxKuXk/VgcUf2WaFgOpjCM3gFqa5VJmwEo/hnwsagvJ9iLtilvqBh39jRFfw1O7dxK81NAfOOHaRf3lBs9vQct/WFVt7wZha33sORXnGYAo44hm95ra+S20OfwcUt7lkGb1ho3iDWJ4GUEPmG8k99aP5KcXfCvGf+nIbehgG9+aqA6XTvRCgYdCu0p0qL2nBzmHlj+nG696kVJSmucirVrWHbIxYS4b2aXqSxOKbKhAygswud5Fr+ylYPBqk0yW8yRlHsBFFt39Wp6mP3aG3F6IU6dRljJ1soz3rceTcl8HCf4ae4VJg1D8mGBwiW4XX6pI+FSwNGafYGQXnVY/UdmUu9Hem70d6koSl3o70i9C9JOEu9C9IvQvSTyuMtSS9NFqIvV0LLKcLUktTZaklqdNKWWpJakFqSWp00pTNWJ8upy2NxGptzliLm3Rsu72VsxasP5VTlsTNexAmltoL/rG42vasdu7Lc/ZF9DDrVD+3mQp61lA7FqB2yNDU8x09gqF22Oia5ugeuF6xpUfljkrnyAlzYVV+g5HsNm+NHy1gMjxkcFk8Cp+NM+Te3Ny66gqbezUnsrs5ROM0Wu9ZQercv5HuqD5FQkKizkOoMB4BV7kTM7Y0KzsVUMQCxIG4XsfTWmYvcnrCs25Cp+nN2J8RWkYrzV9ZffWDSBmsMgq7KIpjMqtcsIz8jkX6bxqP/un/ANwqQ26SuKwwtcM7qQL6/MlbWAN926xvutVd5S4xm2hHC4ARZEOhYZgDmGYXtoSeFTvLZwq4WYgHLMLg7jdTodRpWyxs1AziSfOB7Ll9MGa2rmu/Dllx2IdtwSJSzOqghlOsrRsdbsblbEKDpZjXHyusrYSUXsc0JuMpIZQ4uo3HoHTtpw4RjipHkXNdVQMC0RYSA53AFii5VY2ylRna9I8ojN8gEjtdkmhct1m4BN+25o00SCueq9tg3+6qXKPKMTEWF7o46+K2+NHsWC+z5L72Eh+9THKKVRJBK3mlX/DVh2fCPk6gCwZSfY1Z3mAiFm7oLR9nv+hKf4Q+7VL5NQ/3Ji93nYqx9AP5CrRsKQvs6Ije0K9+WsnxmPxGFlmwwldVJYFLkowfpEZTpcht9GCJah1mMPI+YlXrkgnN7TlAtllw0PC2ouR4K3fVm5Q4AO8Mv+WSjD6UcwySJf0EN6VFVzkpMvy6K+9sEO9G/JvGrRt7aEMMd8RIsYOiktYk7+iBqfZwqpxvW/YvO2IwJw2Kmw76mJ2TdvAJAYekWPtqxeTbG5MbJHuEi5h6UP5E91cXLPGQTbQlnw7Z0KxEmzecECt5wudwqN2djeaxsMo0AcA+g6N4GqcFpYYIK26emgbinHNNIKuRBZhjIsuOxQ/jE/Ws3xrg29+pHr/hNTXKSEptCb97m2HtjUe8GoXb36kfzPwtQ13eIo0zYTkea2bkk36IvrSffNTV6guSB/RF9Z/fU5ejVPsDILzSv3rszzR3o6TeivU1XKXehek3oUoTylXo81N3oXpQlKjC9EXoUKuWdIL0C9FQp1GURekF6FCnCSQWrEdvSBsRJ0bEyPqCdbseB4+ihQrBb8G5/ZHdBiTVyHMqfb4mojbY+b/qFChXOUe2F6tpL/jvHA8lKcimtirdan2ka1ZOW62jgcfsyW9jAj40KFNUH1AsVAxRPj7KL5Ai+JkPYPEmr9jPMHpX7wo6FDLd3/kp2fsNzPMqh8pE/vQXF+jmAO42jNh3irP5Q0Aw8fD5+P30KFEqPZp5BcjpY/mSoXZmImOJEUKKFRlHOSLm4anQgnziQC2l92lWHyiRZtmyL2x+DrRUKNBoFLW3hc4+oTXDdxCy/ak/OYLD31KuVPsH/FXXY8l4lHUAKOhWOrgjFIQCOJ5q/ckf8Ig+jmX6rsKzbys4S2NzKPORDp1gkfAUKFFmnqDIIXSurHM81HRcqJ4TDLEiho48gZrsGBtfoi1uHGnZXeeCXE4hjJIYpGBbhYEhVG5R2ChQrXY2g1CTuUrW4hgi69UfDjMGA420qUwWHzYDEynKchiRbqMwLOpuG4aAjtv2UKFC2X47jyW+u4gCP7mj1C13AbRE0CSIeiygjr3bjfjSEkP0m77e6joVaMEVGCqHLKMjFK97h4gNTfVWa+/1hVe2sLwE9TqfePjR0KH1O9RWlfZHZFa5yPb9EX1j8DU1ehQo1S7AyXmto712ZR3oXoUKmqUd6K9HQpk6F6GahQpJpX//2Q==" style="height:168px; width:300px" /></p>\r\n\r\n<p>&nbsp;</p>\r\n\r\n<h5>PROEDUCT HISTORY</h5>\r\n\r\n<p>Lorem ipsum dolor sit amet, consectetur adipiscing elit. Nullam volutpat dui at lacus aliquet, a consequat enim aliquet. Integer molestie sit amet sem et faucibus. Nunc ornare pharetra dui, vitae auctor orci fringilla eget. Pellentesque in placerat felis. Etiam mollis venenatis luctus. Morbi ac scelerisque mauris. Etiam sodales a nulla ornare viverra.<br />\r\n<br />\r\nNam sit amet sapien vitae enim vehicula tincidunt. Cum sociis natoque penatibus et magnis dis parturient montes, nascetur ridiculus mus. Nunc faucibus imperdiet vulputate. Morbi volutpat leo iaculis elit vehicula, eu convallis magna finibus. Lorem ipsum dolor sit amet, consectetur adipiscing elit. Donec malesuada, erat in ullamcorper bibendum, elit lacus mattis lorem, quis luctus diam lorem vel ligula.</p>	1	2023-05-20 15:12:59.40457+00
\.


--
-- Data for Name: blogs_tags; Type: TABLE DATA; Schema: public; Owner: pavshop_user
--

COPY public.blogs_tags (id, tag, slug, created_at, updated_at) FROM stdin;
1	clothes	clothes	2023-05-20 15:12:59.409558+00	2023-05-20 15:12:59.415062+00
2	accessory	accessories	2023-05-20 15:12:59.409558+00	2023-05-20 15:12:59.415062+00
3	furniture	furniture	2023-05-20 15:12:59.409558+00	2023-05-20 15:12:59.415062+00
4	body & skin care	care	2023-05-20 15:12:59.409558+00	2023-05-20 15:12:59.415062+00
\.


--
-- Data for Name: blogs_tags_stories; Type: TABLE DATA; Schema: public; Owner: pavshop_user
--

COPY public.blogs_tags_stories (id, tags_id, story_id) FROM stdin;
1	1	7
2	2	5
3	2	6
4	3	1
5	3	2
6	4	3
7	4	4
\.


--
-- Data for Name: django_admin_log; Type: TABLE DATA; Schema: public; Owner: pavshop_user
--

COPY public.django_admin_log (id, action_time, object_id, object_repr, action_flag, change_message, content_type_id, user_id) FROM stdin;
1	2023-05-20 14:03:39.871106+00	1	Clothes => cloth-1	1	[{"added": {}}]	7	1
2	2023-05-20 14:04:14.110984+00	2	Accessories => access-1	1	[{"added": {}}]	7	1
3	2023-05-20 14:05:06.738312+00	3	Furniture => furniture	1	[{"added": {}}]	7	1
4	2023-05-20 14:05:16.857582+00	2	Accessories => accessories	2	[{"changed": {"fields": ["Slug"]}}]	7	1
5	2023-05-20 14:05:23.163115+00	1	Clothes => clothes	2	[{"changed": {"fields": ["Slug"]}}]	7	1
6	2023-05-20 14:05:58.826246+00	4	Body & Skin Care => care	1	[{"added": {}}]	7	1
7	2023-05-20 14:28:25.823223+00	1	Pavshop Furniture 1 This is a blog about furniture. Visit our website to  purchase our products. furniture1 2023-05-20 14:23:29+00:00 Furniture => furniture story_images/furniture_1.jfif <h2><strong>F	1	[{"added": {}}]	8	1
8	2023-05-20 14:36:16.682668+00	2	Pavshop furniture 2 This is a blog about furniture 2. Visit our website to  purchase our products. furniture2 2023-05-20 14:33:55+00:00 Furniture => furniture story_images/furniture_3.jfif <h4><span s	1	[{"added": {}}]	8	1
9	2023-05-20 14:37:10.952614+00	1	Pavshop Furniture 1 This is a blog about furniture. Visit our website to  purchase our products. furniture1 2023-05-20 14:23:29+00:00 Furniture => furniture story_images/furniture_1.jfif <h2><strong>F	2	[{"changed": {"fields": ["Content"]}}]	8	1
10	2023-05-20 14:43:24.001754+00	3	Body & Skin care Lorem ipsum dolor sit amet, consectetur adipiscing elit. care1 2023-05-20 14:41:48+00:00 Body & Skin Care => care story_images/care1.jfif <p>Care 1 blog</p>\r\n\r\n<p>&nbsp;</p>\r\n\r\n<p><sp	1	[{"added": {}}]	8	1
11	2023-05-20 14:47:02.532057+00	4	Body & Skin Care 2 Lorem ipsum dolor sit amet, consectetur adipiscing elit. care2 2023-05-20 14:45:42+00:00 Body & Skin Care => care story_images/care_2.jfif <p>Body and Skin care blog</p>\r\n\r\n<p><img 	1	[{"added": {}}]	8	1
12	2023-05-20 14:51:26.756285+00	5	Accessor 1 This is a blog about accessor 1. Visit our website to purchase our products. accessor1 2023-05-20 14:50:26+00:00 Accessories => accessories story_images/accessor.jfif <p>Accessor 1 blog</p>	1	[{"added": {}}]	8	1
13	2023-05-20 14:53:54.838652+00	6	Accessor 2 This is a blog about accessor 2. Visit our website to purchase our products. accessor2 2023-05-20 14:52:39+00:00 Accessories => accessories story_images/accessor_2.jfif <p>Accessor 2 blog</	1	[{"added": {}}]	8	1
14	2023-05-20 14:54:29.406297+00	6	Accessor 2 This is a blog about accessor 2. Visit our website to purchase our products. accessor2 2023-05-20 14:52:39+00:00 Accessories => accessories story_images/accessor_2.jfif <h4>Accessor 2 blog<	2	[{"changed": {"fields": ["Content"]}}]	8	1
15	2023-05-20 14:56:43.844662+00	7	Clothes 1 Lorem ipsum dolor sit amet, consectetur adipiscing elit. clothes1 2023-05-20 14:55:32+00:00 Clothes => clothes story_images/clothes_1.jfif <h4>Clothes 1 blog</h4>\r\n\r\n<p>&nbsp;</p>\r\n\r\n<p>&nbs	1	[{"added": {}}]	8	1
16	2023-05-20 14:57:52.930954+00	1	clothes => clothes => blogs.Story.None	1	[{"added": {}}]	9	1
17	2023-05-20 15:01:08.650112+00	2	accessory => accessories => blogs.Story.None	1	[{"added": {}}]	9	1
18	2023-05-20 15:01:38.537544+00	3	Furniture => furniture => blogs.Story.None	1	[{"added": {}}]	9	1
19	2023-05-20 15:01:49.797219+00	3	furniture => furniture => blogs.Story.None	2	[{"changed": {"fields": ["Tag"]}}]	9	1
20	2023-05-20 15:02:34.618227+00	4	body & skin care => care => blogs.Story.None	1	[{"added": {}}]	9	1
\.


--
-- Data for Name: django_content_type; Type: TABLE DATA; Schema: public; Owner: pavshop_user
--

COPY public.django_content_type (id, app_label, model) FROM stdin;
1	admin	logentry
2	auth	permission
3	auth	group
4	auth	user
5	contenttypes	contenttype
6	sessions	session
7	blogs	category
8	blogs	story
9	blogs	tags
10	blogs	comment
11	products	category
12	products	product
13	products	productversion
14	products	property
15	products	tag
16	products	propertyvalue
17	products	productreview
18	products	productimages
19	products	discount
20	shopping_cart	address
21	shopping_cart	basket
22	shopping_cart	discount
23	shopping_cart	order
24	shopping_cart	basketitem
25	base	contact
26	base	newsletter
27	exchange	exchangebackend
28	exchange	rate
\.


--
-- Data for Name: django_migrations; Type: TABLE DATA; Schema: public; Owner: pavshop_user
--

COPY public.django_migrations (id, app, name, applied) FROM stdin;
1	contenttypes	0001_initial	2023-05-20 12:26:10.187787+00
2	auth	0001_initial	2023-05-20 12:26:10.293292+00
3	admin	0001_initial	2023-05-20 12:26:10.325128+00
4	admin	0002_logentry_remove_auto_add	2023-05-20 12:26:10.338019+00
5	admin	0003_logentry_add_action_flag_choices	2023-05-20 12:26:10.348736+00
6	contenttypes	0002_remove_content_type_name	2023-05-20 12:26:10.372782+00
7	auth	0002_alter_permission_name_max_length	2023-05-20 12:26:10.389238+00
8	auth	0003_alter_user_email_max_length	2023-05-20 12:26:10.406536+00
9	auth	0004_alter_user_username_opts	2023-05-20 12:26:10.417015+00
10	auth	0005_alter_user_last_login_null	2023-05-20 12:26:10.43087+00
11	auth	0006_require_contenttypes_0002	2023-05-20 12:26:10.436048+00
12	auth	0007_alter_validators_add_error_messages	2023-05-20 12:26:10.4496+00
13	auth	0008_alter_user_username_max_length	2023-05-20 12:26:10.472284+00
14	auth	0009_alter_user_last_name_max_length	2023-05-20 12:26:10.49793+00
15	auth	0010_alter_group_name_max_length	2023-05-20 12:26:10.523079+00
16	auth	0011_update_proxy_permissions	2023-05-20 12:26:10.536025+00
17	auth	0012_alter_user_first_name_max_length	2023-05-20 12:26:10.565988+00
18	base	0001_initial	2023-05-20 12:26:10.605981+00
19	blogs	0001_initial	2023-05-20 12:26:10.700502+00
20	exchange	0001_initial	2023-05-20 12:26:10.733587+00
21	exchange	0002_alter_rate_id	2023-05-20 12:26:10.758163+00
22	products	0001_initial	2023-05-20 12:26:10.933173+00
23	sessions	0001_initial	2023-05-20 12:26:10.956044+00
24	shopping_cart	0001_initial	2023-05-20 12:26:11.111782+00
25	blogs	0002_category_created_at_category_updated_at_and_more	2023-05-20 15:12:59.46463+00
\.


--
-- Data for Name: django_session; Type: TABLE DATA; Schema: public; Owner: pavshop_user
--

COPY public.django_session (session_key, session_data, expire_date) FROM stdin;
tvl9jqbock2mwvdwfvznhiskix593yeb	.eJxVjEEOwiAQRe_C2hCmwIAu3fcMZGBAqoYmpV0Z765NutDtf-_9lwi0rTVsPS9hYnERIE6_W6T0yG0HfKd2m2Wa27pMUe6KPGiX48z5eT3cv4NKvX5razWyRnTKayznwUfHWRkgOxiN4EGZ5BRoxwqS1d5bZcgw-BxjxlLE-wOZKjZ-:1q0O0i:2NdK3qr-MMl4q_x5jhyaGnM1OgpkeP9DCXU4XNSQ3ik	2023-06-03 14:56:44.081086+00
\.


--
-- Data for Name: exchange_exchangebackend; Type: TABLE DATA; Schema: public; Owner: pavshop_user
--

COPY public.exchange_exchangebackend (name, last_update, base_currency) FROM stdin;
\.


--
-- Data for Name: exchange_rate; Type: TABLE DATA; Schema: public; Owner: pavshop_user
--

COPY public.exchange_rate (id, currency, value, backend_id) FROM stdin;
\.


--
-- Data for Name: products_category; Type: TABLE DATA; Schema: public; Owner: pavshop_user
--

COPY public.products_category (id, name, slug) FROM stdin;
\.


--
-- Data for Name: products_discount; Type: TABLE DATA; Schema: public; Owner: pavshop_user
--

COPY public.products_discount (id, created_at, updated_at, name, value, is_percent, is_active) FROM stdin;
\.


--
-- Data for Name: products_discount_version; Type: TABLE DATA; Schema: public; Owner: pavshop_user
--

COPY public.products_discount_version (id, discount_id, productversion_id) FROM stdin;
\.


--
-- Data for Name: products_product; Type: TABLE DATA; Schema: public; Owner: pavshop_user
--

COPY public.products_product (id, created_at, updated_at, title, description, status, slug) FROM stdin;
\.


--
-- Data for Name: products_productimages; Type: TABLE DATA; Schema: public; Owner: pavshop_user
--

COPY public.products_productimages (id, image, product_version_id) FROM stdin;
\.


--
-- Data for Name: products_productreview; Type: TABLE DATA; Schema: public; Owner: pavshop_user
--

COPY public.products_productreview (id, created_at, updated_at, message, author_id, product_id) FROM stdin;
\.


--
-- Data for Name: products_productversion; Type: TABLE DATA; Schema: public; Owner: pavshop_user
--

COPY public.products_productversion (id, created_at, updated_at, description, main_image, money_currency, money, category_id, product_id) FROM stdin;
\.


--
-- Data for Name: products_property; Type: TABLE DATA; Schema: public; Owner: pavshop_user
--

COPY public.products_property (id, name) FROM stdin;
\.


--
-- Data for Name: products_propertyvalue; Type: TABLE DATA; Schema: public; Owner: pavshop_user
--

COPY public.products_propertyvalue (id, name, property_id) FROM stdin;
\.


--
-- Data for Name: products_tag; Type: TABLE DATA; Schema: public; Owner: pavshop_user
--

COPY public.products_tag (id, name, slug) FROM stdin;
\.


--
-- Data for Name: products_tag_products; Type: TABLE DATA; Schema: public; Owner: pavshop_user
--

COPY public.products_tag_products (id, tag_id, productversion_id) FROM stdin;
\.


--
-- Data for Name: shopping_cart_address; Type: TABLE DATA; Schema: public; Owner: pavshop_user
--

COPY public.shopping_cart_address (id, created_at, updated_at, first_name, last_name, company, address, country, city, email, phone, slug) FROM stdin;
\.


--
-- Data for Name: shopping_cart_basket; Type: TABLE DATA; Schema: public; Owner: pavshop_user
--

COPY public.shopping_cart_basket (id, created_at, updated_at, is_active, author_id) FROM stdin;
\.


--
-- Data for Name: shopping_cart_basketitem; Type: TABLE DATA; Schema: public; Owner: pavshop_user
--

COPY public.shopping_cart_basketitem (id, quantity, money_currency, money, basket_id, productver_id) FROM stdin;
\.


--
-- Data for Name: shopping_cart_discount; Type: TABLE DATA; Schema: public; Owner: pavshop_user
--

COPY public.shopping_cart_discount (id, created_at, updated_at, name, code, amount, is_percent, is_active) FROM stdin;
\.


--
-- Data for Name: shopping_cart_order; Type: TABLE DATA; Schema: public; Owner: pavshop_user
--

COPY public.shopping_cart_order (id, created_at, updated_at, name, sub_total, author_id, basket_id, discount_id) FROM stdin;
\.


--
-- Name: auth_group_id_seq; Type: SEQUENCE SET; Schema: public; Owner: pavshop_user
--

SELECT pg_catalog.setval('public.auth_group_id_seq', 1, false);


--
-- Name: auth_group_permissions_id_seq; Type: SEQUENCE SET; Schema: public; Owner: pavshop_user
--

SELECT pg_catalog.setval('public.auth_group_permissions_id_seq', 1, false);


--
-- Name: auth_permission_id_seq; Type: SEQUENCE SET; Schema: public; Owner: pavshop_user
--

SELECT pg_catalog.setval('public.auth_permission_id_seq', 112, true);


--
-- Name: auth_user_groups_id_seq; Type: SEQUENCE SET; Schema: public; Owner: pavshop_user
--

SELECT pg_catalog.setval('public.auth_user_groups_id_seq', 1, false);


--
-- Name: auth_user_id_seq; Type: SEQUENCE SET; Schema: public; Owner: pavshop_user
--

SELECT pg_catalog.setval('public.auth_user_id_seq', 1, true);


--
-- Name: auth_user_user_permissions_id_seq; Type: SEQUENCE SET; Schema: public; Owner: pavshop_user
--

SELECT pg_catalog.setval('public.auth_user_user_permissions_id_seq', 1, false);


--
-- Name: base_contact_id_seq; Type: SEQUENCE SET; Schema: public; Owner: pavshop_user
--

SELECT pg_catalog.setval('public.base_contact_id_seq', 1, false);


--
-- Name: base_newsletter_id_seq; Type: SEQUENCE SET; Schema: public; Owner: pavshop_user
--

SELECT pg_catalog.setval('public.base_newsletter_id_seq', 1, false);


--
-- Name: blogs_category_id_seq; Type: SEQUENCE SET; Schema: public; Owner: pavshop_user
--

SELECT pg_catalog.setval('public.blogs_category_id_seq', 4, true);


--
-- Name: blogs_comment_id_seq; Type: SEQUENCE SET; Schema: public; Owner: pavshop_user
--

SELECT pg_catalog.setval('public.blogs_comment_id_seq', 1, false);


--
-- Name: blogs_story_id_seq; Type: SEQUENCE SET; Schema: public; Owner: pavshop_user
--

SELECT pg_catalog.setval('public.blogs_story_id_seq', 7, true);


--
-- Name: blogs_tags_id_seq; Type: SEQUENCE SET; Schema: public; Owner: pavshop_user
--

SELECT pg_catalog.setval('public.blogs_tags_id_seq', 4, true);


--
-- Name: blogs_tags_stories_id_seq; Type: SEQUENCE SET; Schema: public; Owner: pavshop_user
--

SELECT pg_catalog.setval('public.blogs_tags_stories_id_seq', 7, true);


--
-- Name: django_admin_log_id_seq; Type: SEQUENCE SET; Schema: public; Owner: pavshop_user
--

SELECT pg_catalog.setval('public.django_admin_log_id_seq', 20, true);


--
-- Name: django_content_type_id_seq; Type: SEQUENCE SET; Schema: public; Owner: pavshop_user
--

SELECT pg_catalog.setval('public.django_content_type_id_seq', 28, true);


--
-- Name: django_migrations_id_seq; Type: SEQUENCE SET; Schema: public; Owner: pavshop_user
--

SELECT pg_catalog.setval('public.django_migrations_id_seq', 25, true);


--
-- Name: exchange_rate_id_seq; Type: SEQUENCE SET; Schema: public; Owner: pavshop_user
--

SELECT pg_catalog.setval('public.exchange_rate_id_seq', 1, false);


--
-- Name: products_category_id_seq; Type: SEQUENCE SET; Schema: public; Owner: pavshop_user
--

SELECT pg_catalog.setval('public.products_category_id_seq', 1, false);


--
-- Name: products_discount_id_seq; Type: SEQUENCE SET; Schema: public; Owner: pavshop_user
--

SELECT pg_catalog.setval('public.products_discount_id_seq', 1, false);


--
-- Name: products_discount_version_id_seq; Type: SEQUENCE SET; Schema: public; Owner: pavshop_user
--

SELECT pg_catalog.setval('public.products_discount_version_id_seq', 1, false);


--
-- Name: products_product_id_seq; Type: SEQUENCE SET; Schema: public; Owner: pavshop_user
--

SELECT pg_catalog.setval('public.products_product_id_seq', 1, false);


--
-- Name: products_productimages_id_seq; Type: SEQUENCE SET; Schema: public; Owner: pavshop_user
--

SELECT pg_catalog.setval('public.products_productimages_id_seq', 1, false);


--
-- Name: products_productreview_id_seq; Type: SEQUENCE SET; Schema: public; Owner: pavshop_user
--

SELECT pg_catalog.setval('public.products_productreview_id_seq', 1, false);


--
-- Name: products_productversion_id_seq; Type: SEQUENCE SET; Schema: public; Owner: pavshop_user
--

SELECT pg_catalog.setval('public.products_productversion_id_seq', 1, false);


--
-- Name: products_property_id_seq; Type: SEQUENCE SET; Schema: public; Owner: pavshop_user
--

SELECT pg_catalog.setval('public.products_property_id_seq', 1, false);


--
-- Name: products_propertyvalue_id_seq; Type: SEQUENCE SET; Schema: public; Owner: pavshop_user
--

SELECT pg_catalog.setval('public.products_propertyvalue_id_seq', 1, false);


--
-- Name: products_tag_id_seq; Type: SEQUENCE SET; Schema: public; Owner: pavshop_user
--

SELECT pg_catalog.setval('public.products_tag_id_seq', 1, false);


--
-- Name: products_tag_products_id_seq; Type: SEQUENCE SET; Schema: public; Owner: pavshop_user
--

SELECT pg_catalog.setval('public.products_tag_products_id_seq', 1, false);


--
-- Name: shopping_cart_address_id_seq; Type: SEQUENCE SET; Schema: public; Owner: pavshop_user
--

SELECT pg_catalog.setval('public.shopping_cart_address_id_seq', 1, false);


--
-- Name: shopping_cart_basket_id_seq; Type: SEQUENCE SET; Schema: public; Owner: pavshop_user
--

SELECT pg_catalog.setval('public.shopping_cart_basket_id_seq', 1, false);


--
-- Name: shopping_cart_basketitem_id_seq; Type: SEQUENCE SET; Schema: public; Owner: pavshop_user
--

SELECT pg_catalog.setval('public.shopping_cart_basketitem_id_seq', 1, false);


--
-- Name: shopping_cart_discount_id_seq; Type: SEQUENCE SET; Schema: public; Owner: pavshop_user
--

SELECT pg_catalog.setval('public.shopping_cart_discount_id_seq', 1, false);


--
-- Name: shopping_cart_order_id_seq; Type: SEQUENCE SET; Schema: public; Owner: pavshop_user
--

SELECT pg_catalog.setval('public.shopping_cart_order_id_seq', 1, false);


--
-- Name: auth_group auth_group_name_key; Type: CONSTRAINT; Schema: public; Owner: pavshop_user
--

ALTER TABLE ONLY public.auth_group
    ADD CONSTRAINT auth_group_name_key UNIQUE (name);


--
-- Name: auth_group_permissions auth_group_permissions_group_id_permission_id_0cd325b0_uniq; Type: CONSTRAINT; Schema: public; Owner: pavshop_user
--

ALTER TABLE ONLY public.auth_group_permissions
    ADD CONSTRAINT auth_group_permissions_group_id_permission_id_0cd325b0_uniq UNIQUE (group_id, permission_id);


--
-- Name: auth_group_permissions auth_group_permissions_pkey; Type: CONSTRAINT; Schema: public; Owner: pavshop_user
--

ALTER TABLE ONLY public.auth_group_permissions
    ADD CONSTRAINT auth_group_permissions_pkey PRIMARY KEY (id);


--
-- Name: auth_group auth_group_pkey; Type: CONSTRAINT; Schema: public; Owner: pavshop_user
--

ALTER TABLE ONLY public.auth_group
    ADD CONSTRAINT auth_group_pkey PRIMARY KEY (id);


--
-- Name: auth_permission auth_permission_content_type_id_codename_01ab375a_uniq; Type: CONSTRAINT; Schema: public; Owner: pavshop_user
--

ALTER TABLE ONLY public.auth_permission
    ADD CONSTRAINT auth_permission_content_type_id_codename_01ab375a_uniq UNIQUE (content_type_id, codename);


--
-- Name: auth_permission auth_permission_pkey; Type: CONSTRAINT; Schema: public; Owner: pavshop_user
--

ALTER TABLE ONLY public.auth_permission
    ADD CONSTRAINT auth_permission_pkey PRIMARY KEY (id);


--
-- Name: auth_user_groups auth_user_groups_pkey; Type: CONSTRAINT; Schema: public; Owner: pavshop_user
--

ALTER TABLE ONLY public.auth_user_groups
    ADD CONSTRAINT auth_user_groups_pkey PRIMARY KEY (id);


--
-- Name: auth_user_groups auth_user_groups_user_id_group_id_94350c0c_uniq; Type: CONSTRAINT; Schema: public; Owner: pavshop_user
--

ALTER TABLE ONLY public.auth_user_groups
    ADD CONSTRAINT auth_user_groups_user_id_group_id_94350c0c_uniq UNIQUE (user_id, group_id);


--
-- Name: auth_user auth_user_pkey; Type: CONSTRAINT; Schema: public; Owner: pavshop_user
--

ALTER TABLE ONLY public.auth_user
    ADD CONSTRAINT auth_user_pkey PRIMARY KEY (id);


--
-- Name: auth_user_user_permissions auth_user_user_permissions_pkey; Type: CONSTRAINT; Schema: public; Owner: pavshop_user
--

ALTER TABLE ONLY public.auth_user_user_permissions
    ADD CONSTRAINT auth_user_user_permissions_pkey PRIMARY KEY (id);


--
-- Name: auth_user_user_permissions auth_user_user_permissions_user_id_permission_id_14a6b632_uniq; Type: CONSTRAINT; Schema: public; Owner: pavshop_user
--

ALTER TABLE ONLY public.auth_user_user_permissions
    ADD CONSTRAINT auth_user_user_permissions_user_id_permission_id_14a6b632_uniq UNIQUE (user_id, permission_id);


--
-- Name: auth_user auth_user_username_key; Type: CONSTRAINT; Schema: public; Owner: pavshop_user
--

ALTER TABLE ONLY public.auth_user
    ADD CONSTRAINT auth_user_username_key UNIQUE (username);


--
-- Name: base_contact base_contact_pkey; Type: CONSTRAINT; Schema: public; Owner: pavshop_user
--

ALTER TABLE ONLY public.base_contact
    ADD CONSTRAINT base_contact_pkey PRIMARY KEY (id);


--
-- Name: base_newsletter base_newsletter_pkey; Type: CONSTRAINT; Schema: public; Owner: pavshop_user
--

ALTER TABLE ONLY public.base_newsletter
    ADD CONSTRAINT base_newsletter_pkey PRIMARY KEY (id);


--
-- Name: blogs_category blogs_category_pkey; Type: CONSTRAINT; Schema: public; Owner: pavshop_user
--

ALTER TABLE ONLY public.blogs_category
    ADD CONSTRAINT blogs_category_pkey PRIMARY KEY (id);


--
-- Name: blogs_category blogs_category_slug_key; Type: CONSTRAINT; Schema: public; Owner: pavshop_user
--

ALTER TABLE ONLY public.blogs_category
    ADD CONSTRAINT blogs_category_slug_key UNIQUE (slug);


--
-- Name: blogs_comment blogs_comment_pkey; Type: CONSTRAINT; Schema: public; Owner: pavshop_user
--

ALTER TABLE ONLY public.blogs_comment
    ADD CONSTRAINT blogs_comment_pkey PRIMARY KEY (id);


--
-- Name: blogs_story blogs_story_pkey; Type: CONSTRAINT; Schema: public; Owner: pavshop_user
--

ALTER TABLE ONLY public.blogs_story
    ADD CONSTRAINT blogs_story_pkey PRIMARY KEY (id);


--
-- Name: blogs_story blogs_story_slug_key; Type: CONSTRAINT; Schema: public; Owner: pavshop_user
--

ALTER TABLE ONLY public.blogs_story
    ADD CONSTRAINT blogs_story_slug_key UNIQUE (slug);


--
-- Name: blogs_tags blogs_tags_pkey; Type: CONSTRAINT; Schema: public; Owner: pavshop_user
--

ALTER TABLE ONLY public.blogs_tags
    ADD CONSTRAINT blogs_tags_pkey PRIMARY KEY (id);


--
-- Name: blogs_tags blogs_tags_slug_key; Type: CONSTRAINT; Schema: public; Owner: pavshop_user
--

ALTER TABLE ONLY public.blogs_tags
    ADD CONSTRAINT blogs_tags_slug_key UNIQUE (slug);


--
-- Name: blogs_tags_stories blogs_tags_stories_pkey; Type: CONSTRAINT; Schema: public; Owner: pavshop_user
--

ALTER TABLE ONLY public.blogs_tags_stories
    ADD CONSTRAINT blogs_tags_stories_pkey PRIMARY KEY (id);


--
-- Name: blogs_tags_stories blogs_tags_stories_tags_id_story_id_5ff91068_uniq; Type: CONSTRAINT; Schema: public; Owner: pavshop_user
--

ALTER TABLE ONLY public.blogs_tags_stories
    ADD CONSTRAINT blogs_tags_stories_tags_id_story_id_5ff91068_uniq UNIQUE (tags_id, story_id);


--
-- Name: django_admin_log django_admin_log_pkey; Type: CONSTRAINT; Schema: public; Owner: pavshop_user
--

ALTER TABLE ONLY public.django_admin_log
    ADD CONSTRAINT django_admin_log_pkey PRIMARY KEY (id);


--
-- Name: django_content_type django_content_type_app_label_model_76bd3d3b_uniq; Type: CONSTRAINT; Schema: public; Owner: pavshop_user
--

ALTER TABLE ONLY public.django_content_type
    ADD CONSTRAINT django_content_type_app_label_model_76bd3d3b_uniq UNIQUE (app_label, model);


--
-- Name: django_content_type django_content_type_pkey; Type: CONSTRAINT; Schema: public; Owner: pavshop_user
--

ALTER TABLE ONLY public.django_content_type
    ADD CONSTRAINT django_content_type_pkey PRIMARY KEY (id);


--
-- Name: django_migrations django_migrations_pkey; Type: CONSTRAINT; Schema: public; Owner: pavshop_user
--

ALTER TABLE ONLY public.django_migrations
    ADD CONSTRAINT django_migrations_pkey PRIMARY KEY (id);


--
-- Name: django_session django_session_pkey; Type: CONSTRAINT; Schema: public; Owner: pavshop_user
--

ALTER TABLE ONLY public.django_session
    ADD CONSTRAINT django_session_pkey PRIMARY KEY (session_key);


--
-- Name: exchange_exchangebackend exchange_exchangebackend_pkey; Type: CONSTRAINT; Schema: public; Owner: pavshop_user
--

ALTER TABLE ONLY public.exchange_exchangebackend
    ADD CONSTRAINT exchange_exchangebackend_pkey PRIMARY KEY (name);


--
-- Name: exchange_rate exchange_rate_currency_backend_id_c6037b21_uniq; Type: CONSTRAINT; Schema: public; Owner: pavshop_user
--

ALTER TABLE ONLY public.exchange_rate
    ADD CONSTRAINT exchange_rate_currency_backend_id_c6037b21_uniq UNIQUE (currency, backend_id);


--
-- Name: exchange_rate exchange_rate_pkey; Type: CONSTRAINT; Schema: public; Owner: pavshop_user
--

ALTER TABLE ONLY public.exchange_rate
    ADD CONSTRAINT exchange_rate_pkey PRIMARY KEY (id);


--
-- Name: products_category products_category_pkey; Type: CONSTRAINT; Schema: public; Owner: pavshop_user
--

ALTER TABLE ONLY public.products_category
    ADD CONSTRAINT products_category_pkey PRIMARY KEY (id);


--
-- Name: products_discount products_discount_pkey; Type: CONSTRAINT; Schema: public; Owner: pavshop_user
--

ALTER TABLE ONLY public.products_discount
    ADD CONSTRAINT products_discount_pkey PRIMARY KEY (id);


--
-- Name: products_discount_version products_discount_versio_discount_id_productversi_c237dc14_uniq; Type: CONSTRAINT; Schema: public; Owner: pavshop_user
--

ALTER TABLE ONLY public.products_discount_version
    ADD CONSTRAINT products_discount_versio_discount_id_productversi_c237dc14_uniq UNIQUE (discount_id, productversion_id);


--
-- Name: products_discount_version products_discount_version_pkey; Type: CONSTRAINT; Schema: public; Owner: pavshop_user
--

ALTER TABLE ONLY public.products_discount_version
    ADD CONSTRAINT products_discount_version_pkey PRIMARY KEY (id);


--
-- Name: products_product products_product_pkey; Type: CONSTRAINT; Schema: public; Owner: pavshop_user
--

ALTER TABLE ONLY public.products_product
    ADD CONSTRAINT products_product_pkey PRIMARY KEY (id);


--
-- Name: products_product products_product_slug_key; Type: CONSTRAINT; Schema: public; Owner: pavshop_user
--

ALTER TABLE ONLY public.products_product
    ADD CONSTRAINT products_product_slug_key UNIQUE (slug);


--
-- Name: products_productimages products_productimages_pkey; Type: CONSTRAINT; Schema: public; Owner: pavshop_user
--

ALTER TABLE ONLY public.products_productimages
    ADD CONSTRAINT products_productimages_pkey PRIMARY KEY (id);


--
-- Name: products_productreview products_productreview_pkey; Type: CONSTRAINT; Schema: public; Owner: pavshop_user
--

ALTER TABLE ONLY public.products_productreview
    ADD CONSTRAINT products_productreview_pkey PRIMARY KEY (id);


--
-- Name: products_productversion products_productversion_pkey; Type: CONSTRAINT; Schema: public; Owner: pavshop_user
--

ALTER TABLE ONLY public.products_productversion
    ADD CONSTRAINT products_productversion_pkey PRIMARY KEY (id);


--
-- Name: products_property products_property_pkey; Type: CONSTRAINT; Schema: public; Owner: pavshop_user
--

ALTER TABLE ONLY public.products_property
    ADD CONSTRAINT products_property_pkey PRIMARY KEY (id);


--
-- Name: products_propertyvalue products_propertyvalue_pkey; Type: CONSTRAINT; Schema: public; Owner: pavshop_user
--

ALTER TABLE ONLY public.products_propertyvalue
    ADD CONSTRAINT products_propertyvalue_pkey PRIMARY KEY (id);


--
-- Name: products_tag products_tag_pkey; Type: CONSTRAINT; Schema: public; Owner: pavshop_user
--

ALTER TABLE ONLY public.products_tag
    ADD CONSTRAINT products_tag_pkey PRIMARY KEY (id);


--
-- Name: products_tag_products products_tag_products_pkey; Type: CONSTRAINT; Schema: public; Owner: pavshop_user
--

ALTER TABLE ONLY public.products_tag_products
    ADD CONSTRAINT products_tag_products_pkey PRIMARY KEY (id);


--
-- Name: products_tag_products products_tag_products_tag_id_productversion_id_1e137849_uniq; Type: CONSTRAINT; Schema: public; Owner: pavshop_user
--

ALTER TABLE ONLY public.products_tag_products
    ADD CONSTRAINT products_tag_products_tag_id_productversion_id_1e137849_uniq UNIQUE (tag_id, productversion_id);


--
-- Name: products_tag products_tag_slug_key; Type: CONSTRAINT; Schema: public; Owner: pavshop_user
--

ALTER TABLE ONLY public.products_tag
    ADD CONSTRAINT products_tag_slug_key UNIQUE (slug);


--
-- Name: shopping_cart_address shopping_cart_address_pkey; Type: CONSTRAINT; Schema: public; Owner: pavshop_user
--

ALTER TABLE ONLY public.shopping_cart_address
    ADD CONSTRAINT shopping_cart_address_pkey PRIMARY KEY (id);


--
-- Name: shopping_cart_basket shopping_cart_basket_pkey; Type: CONSTRAINT; Schema: public; Owner: pavshop_user
--

ALTER TABLE ONLY public.shopping_cart_basket
    ADD CONSTRAINT shopping_cart_basket_pkey PRIMARY KEY (id);


--
-- Name: shopping_cart_basketitem shopping_cart_basketitem_pkey; Type: CONSTRAINT; Schema: public; Owner: pavshop_user
--

ALTER TABLE ONLY public.shopping_cart_basketitem
    ADD CONSTRAINT shopping_cart_basketitem_pkey PRIMARY KEY (id);


--
-- Name: shopping_cart_discount shopping_cart_discount_pkey; Type: CONSTRAINT; Schema: public; Owner: pavshop_user
--

ALTER TABLE ONLY public.shopping_cart_discount
    ADD CONSTRAINT shopping_cart_discount_pkey PRIMARY KEY (id);


--
-- Name: shopping_cart_order shopping_cart_order_pkey; Type: CONSTRAINT; Schema: public; Owner: pavshop_user
--

ALTER TABLE ONLY public.shopping_cart_order
    ADD CONSTRAINT shopping_cart_order_pkey PRIMARY KEY (id);


--
-- Name: auth_group_name_a6ea08ec_like; Type: INDEX; Schema: public; Owner: pavshop_user
--

CREATE INDEX auth_group_name_a6ea08ec_like ON public.auth_group USING btree (name varchar_pattern_ops);


--
-- Name: auth_group_permissions_group_id_b120cbf9; Type: INDEX; Schema: public; Owner: pavshop_user
--

CREATE INDEX auth_group_permissions_group_id_b120cbf9 ON public.auth_group_permissions USING btree (group_id);


--
-- Name: auth_group_permissions_permission_id_84c5c92e; Type: INDEX; Schema: public; Owner: pavshop_user
--

CREATE INDEX auth_group_permissions_permission_id_84c5c92e ON public.auth_group_permissions USING btree (permission_id);


--
-- Name: auth_permission_content_type_id_2f476e4b; Type: INDEX; Schema: public; Owner: pavshop_user
--

CREATE INDEX auth_permission_content_type_id_2f476e4b ON public.auth_permission USING btree (content_type_id);


--
-- Name: auth_user_groups_group_id_97559544; Type: INDEX; Schema: public; Owner: pavshop_user
--

CREATE INDEX auth_user_groups_group_id_97559544 ON public.auth_user_groups USING btree (group_id);


--
-- Name: auth_user_groups_user_id_6a12ed8b; Type: INDEX; Schema: public; Owner: pavshop_user
--

CREATE INDEX auth_user_groups_user_id_6a12ed8b ON public.auth_user_groups USING btree (user_id);


--
-- Name: auth_user_user_permissions_permission_id_1fbb5f2c; Type: INDEX; Schema: public; Owner: pavshop_user
--

CREATE INDEX auth_user_user_permissions_permission_id_1fbb5f2c ON public.auth_user_user_permissions USING btree (permission_id);


--
-- Name: auth_user_user_permissions_user_id_a95ead1b; Type: INDEX; Schema: public; Owner: pavshop_user
--

CREATE INDEX auth_user_user_permissions_user_id_a95ead1b ON public.auth_user_user_permissions USING btree (user_id);


--
-- Name: auth_user_username_6821ab7c_like; Type: INDEX; Schema: public; Owner: pavshop_user
--

CREATE INDEX auth_user_username_6821ab7c_like ON public.auth_user USING btree (username varchar_pattern_ops);


--
-- Name: blogs_category_slug_daea88ea_like; Type: INDEX; Schema: public; Owner: pavshop_user
--

CREATE INDEX blogs_category_slug_daea88ea_like ON public.blogs_category USING btree (slug varchar_pattern_ops);


--
-- Name: blogs_comment_author_id_cf100e65; Type: INDEX; Schema: public; Owner: pavshop_user
--

CREATE INDEX blogs_comment_author_id_cf100e65 ON public.blogs_comment USING btree (author_id);


--
-- Name: blogs_comment_story_id_b4baeeeb; Type: INDEX; Schema: public; Owner: pavshop_user
--

CREATE INDEX blogs_comment_story_id_b4baeeeb ON public.blogs_comment USING btree (story_id);


--
-- Name: blogs_story_category_id_089405a6; Type: INDEX; Schema: public; Owner: pavshop_user
--

CREATE INDEX blogs_story_category_id_089405a6 ON public.blogs_story USING btree (category_id);


--
-- Name: blogs_story_slug_f9eee1df_like; Type: INDEX; Schema: public; Owner: pavshop_user
--

CREATE INDEX blogs_story_slug_f9eee1df_like ON public.blogs_story USING btree (slug varchar_pattern_ops);


--
-- Name: blogs_tags_slug_6c9a39b6_like; Type: INDEX; Schema: public; Owner: pavshop_user
--

CREATE INDEX blogs_tags_slug_6c9a39b6_like ON public.blogs_tags USING btree (slug varchar_pattern_ops);


--
-- Name: blogs_tags_stories_story_id_907351fd; Type: INDEX; Schema: public; Owner: pavshop_user
--

CREATE INDEX blogs_tags_stories_story_id_907351fd ON public.blogs_tags_stories USING btree (story_id);


--
-- Name: blogs_tags_stories_tags_id_7a9ee5a1; Type: INDEX; Schema: public; Owner: pavshop_user
--

CREATE INDEX blogs_tags_stories_tags_id_7a9ee5a1 ON public.blogs_tags_stories USING btree (tags_id);


--
-- Name: django_admin_log_content_type_id_c4bce8eb; Type: INDEX; Schema: public; Owner: pavshop_user
--

CREATE INDEX django_admin_log_content_type_id_c4bce8eb ON public.django_admin_log USING btree (content_type_id);


--
-- Name: django_admin_log_user_id_c564eba6; Type: INDEX; Schema: public; Owner: pavshop_user
--

CREATE INDEX django_admin_log_user_id_c564eba6 ON public.django_admin_log USING btree (user_id);


--
-- Name: django_session_expire_date_a5c62663; Type: INDEX; Schema: public; Owner: pavshop_user
--

CREATE INDEX django_session_expire_date_a5c62663 ON public.django_session USING btree (expire_date);


--
-- Name: django_session_session_key_c0390e0f_like; Type: INDEX; Schema: public; Owner: pavshop_user
--

CREATE INDEX django_session_session_key_c0390e0f_like ON public.django_session USING btree (session_key varchar_pattern_ops);


--
-- Name: exchange_exchangebackend_name_8f97aa6b_like; Type: INDEX; Schema: public; Owner: pavshop_user
--

CREATE INDEX exchange_exchangebackend_name_8f97aa6b_like ON public.exchange_exchangebackend USING btree (name varchar_pattern_ops);


--
-- Name: exchange_rate_backend_id_d57e3a62; Type: INDEX; Schema: public; Owner: pavshop_user
--

CREATE INDEX exchange_rate_backend_id_d57e3a62 ON public.exchange_rate USING btree (backend_id);


--
-- Name: exchange_rate_backend_id_d57e3a62_like; Type: INDEX; Schema: public; Owner: pavshop_user
--

CREATE INDEX exchange_rate_backend_id_d57e3a62_like ON public.exchange_rate USING btree (backend_id varchar_pattern_ops);


--
-- Name: products_category_slug_c558efae; Type: INDEX; Schema: public; Owner: pavshop_user
--

CREATE INDEX products_category_slug_c558efae ON public.products_category USING btree (slug);


--
-- Name: products_category_slug_c558efae_like; Type: INDEX; Schema: public; Owner: pavshop_user
--

CREATE INDEX products_category_slug_c558efae_like ON public.products_category USING btree (slug varchar_pattern_ops);


--
-- Name: products_discount_version_discount_id_04ca4c37; Type: INDEX; Schema: public; Owner: pavshop_user
--

CREATE INDEX products_discount_version_discount_id_04ca4c37 ON public.products_discount_version USING btree (discount_id);


--
-- Name: products_discount_version_productversion_id_0440bd35; Type: INDEX; Schema: public; Owner: pavshop_user
--

CREATE INDEX products_discount_version_productversion_id_0440bd35 ON public.products_discount_version USING btree (productversion_id);


--
-- Name: products_product_slug_70d3148d_like; Type: INDEX; Schema: public; Owner: pavshop_user
--

CREATE INDEX products_product_slug_70d3148d_like ON public.products_product USING btree (slug varchar_pattern_ops);


--
-- Name: products_productimages_product_version_id_e96da070; Type: INDEX; Schema: public; Owner: pavshop_user
--

CREATE INDEX products_productimages_product_version_id_e96da070 ON public.products_productimages USING btree (product_version_id);


--
-- Name: products_productreview_author_id_4fefa137; Type: INDEX; Schema: public; Owner: pavshop_user
--

CREATE INDEX products_productreview_author_id_4fefa137 ON public.products_productreview USING btree (author_id);


--
-- Name: products_productreview_product_id_7e81c4a6; Type: INDEX; Schema: public; Owner: pavshop_user
--

CREATE INDEX products_productreview_product_id_7e81c4a6 ON public.products_productreview USING btree (product_id);


--
-- Name: products_productversion_category_id_f3a0caa7; Type: INDEX; Schema: public; Owner: pavshop_user
--

CREATE INDEX products_productversion_category_id_f3a0caa7 ON public.products_productversion USING btree (category_id);


--
-- Name: products_productversion_product_id_38b27b64; Type: INDEX; Schema: public; Owner: pavshop_user
--

CREATE INDEX products_productversion_product_id_38b27b64 ON public.products_productversion USING btree (product_id);


--
-- Name: products_propertyvalue_property_id_2633dac9; Type: INDEX; Schema: public; Owner: pavshop_user
--

CREATE INDEX products_propertyvalue_property_id_2633dac9 ON public.products_propertyvalue USING btree (property_id);


--
-- Name: products_tag_products_productversion_id_f7b48193; Type: INDEX; Schema: public; Owner: pavshop_user
--

CREATE INDEX products_tag_products_productversion_id_f7b48193 ON public.products_tag_products USING btree (productversion_id);


--
-- Name: products_tag_products_tag_id_f2425777; Type: INDEX; Schema: public; Owner: pavshop_user
--

CREATE INDEX products_tag_products_tag_id_f2425777 ON public.products_tag_products USING btree (tag_id);


--
-- Name: products_tag_slug_5def095b_like; Type: INDEX; Schema: public; Owner: pavshop_user
--

CREATE INDEX products_tag_slug_5def095b_like ON public.products_tag USING btree (slug varchar_pattern_ops);


--
-- Name: shopping_cart_address_slug_5e50160e; Type: INDEX; Schema: public; Owner: pavshop_user
--

CREATE INDEX shopping_cart_address_slug_5e50160e ON public.shopping_cart_address USING btree (slug);


--
-- Name: shopping_cart_address_slug_5e50160e_like; Type: INDEX; Schema: public; Owner: pavshop_user
--

CREATE INDEX shopping_cart_address_slug_5e50160e_like ON public.shopping_cart_address USING btree (slug varchar_pattern_ops);


--
-- Name: shopping_cart_basket_author_id_97828388; Type: INDEX; Schema: public; Owner: pavshop_user
--

CREATE INDEX shopping_cart_basket_author_id_97828388 ON public.shopping_cart_basket USING btree (author_id);


--
-- Name: shopping_cart_basketitem_basket_id_513fc136; Type: INDEX; Schema: public; Owner: pavshop_user
--

CREATE INDEX shopping_cart_basketitem_basket_id_513fc136 ON public.shopping_cart_basketitem USING btree (basket_id);


--
-- Name: shopping_cart_basketitem_productver_id_128a97b9; Type: INDEX; Schema: public; Owner: pavshop_user
--

CREATE INDEX shopping_cart_basketitem_productver_id_128a97b9 ON public.shopping_cart_basketitem USING btree (productver_id);


--
-- Name: shopping_cart_order_author_id_af42b58a; Type: INDEX; Schema: public; Owner: pavshop_user
--

CREATE INDEX shopping_cart_order_author_id_af42b58a ON public.shopping_cart_order USING btree (author_id);


--
-- Name: shopping_cart_order_basket_id_3da4f381; Type: INDEX; Schema: public; Owner: pavshop_user
--

CREATE INDEX shopping_cart_order_basket_id_3da4f381 ON public.shopping_cart_order USING btree (basket_id);


--
-- Name: shopping_cart_order_discount_id_fe31e8de; Type: INDEX; Schema: public; Owner: pavshop_user
--

CREATE INDEX shopping_cart_order_discount_id_fe31e8de ON public.shopping_cart_order USING btree (discount_id);


--
-- Name: auth_group_permissions auth_group_permissio_permission_id_84c5c92e_fk_auth_perm; Type: FK CONSTRAINT; Schema: public; Owner: pavshop_user
--

ALTER TABLE ONLY public.auth_group_permissions
    ADD CONSTRAINT auth_group_permissio_permission_id_84c5c92e_fk_auth_perm FOREIGN KEY (permission_id) REFERENCES public.auth_permission(id) DEFERRABLE INITIALLY DEFERRED;


--
-- Name: auth_group_permissions auth_group_permissions_group_id_b120cbf9_fk_auth_group_id; Type: FK CONSTRAINT; Schema: public; Owner: pavshop_user
--

ALTER TABLE ONLY public.auth_group_permissions
    ADD CONSTRAINT auth_group_permissions_group_id_b120cbf9_fk_auth_group_id FOREIGN KEY (group_id) REFERENCES public.auth_group(id) DEFERRABLE INITIALLY DEFERRED;


--
-- Name: auth_permission auth_permission_content_type_id_2f476e4b_fk_django_co; Type: FK CONSTRAINT; Schema: public; Owner: pavshop_user
--

ALTER TABLE ONLY public.auth_permission
    ADD CONSTRAINT auth_permission_content_type_id_2f476e4b_fk_django_co FOREIGN KEY (content_type_id) REFERENCES public.django_content_type(id) DEFERRABLE INITIALLY DEFERRED;


--
-- Name: auth_user_groups auth_user_groups_group_id_97559544_fk_auth_group_id; Type: FK CONSTRAINT; Schema: public; Owner: pavshop_user
--

ALTER TABLE ONLY public.auth_user_groups
    ADD CONSTRAINT auth_user_groups_group_id_97559544_fk_auth_group_id FOREIGN KEY (group_id) REFERENCES public.auth_group(id) DEFERRABLE INITIALLY DEFERRED;


--
-- Name: auth_user_groups auth_user_groups_user_id_6a12ed8b_fk_auth_user_id; Type: FK CONSTRAINT; Schema: public; Owner: pavshop_user
--

ALTER TABLE ONLY public.auth_user_groups
    ADD CONSTRAINT auth_user_groups_user_id_6a12ed8b_fk_auth_user_id FOREIGN KEY (user_id) REFERENCES public.auth_user(id) DEFERRABLE INITIALLY DEFERRED;


--
-- Name: auth_user_user_permissions auth_user_user_permi_permission_id_1fbb5f2c_fk_auth_perm; Type: FK CONSTRAINT; Schema: public; Owner: pavshop_user
--

ALTER TABLE ONLY public.auth_user_user_permissions
    ADD CONSTRAINT auth_user_user_permi_permission_id_1fbb5f2c_fk_auth_perm FOREIGN KEY (permission_id) REFERENCES public.auth_permission(id) DEFERRABLE INITIALLY DEFERRED;


--
-- Name: auth_user_user_permissions auth_user_user_permissions_user_id_a95ead1b_fk_auth_user_id; Type: FK CONSTRAINT; Schema: public; Owner: pavshop_user
--

ALTER TABLE ONLY public.auth_user_user_permissions
    ADD CONSTRAINT auth_user_user_permissions_user_id_a95ead1b_fk_auth_user_id FOREIGN KEY (user_id) REFERENCES public.auth_user(id) DEFERRABLE INITIALLY DEFERRED;


--
-- Name: blogs_comment blogs_comment_author_id_cf100e65_fk_auth_user_id; Type: FK CONSTRAINT; Schema: public; Owner: pavshop_user
--

ALTER TABLE ONLY public.blogs_comment
    ADD CONSTRAINT blogs_comment_author_id_cf100e65_fk_auth_user_id FOREIGN KEY (author_id) REFERENCES public.auth_user(id) DEFERRABLE INITIALLY DEFERRED;


--
-- Name: blogs_comment blogs_comment_story_id_b4baeeeb_fk_blogs_story_id; Type: FK CONSTRAINT; Schema: public; Owner: pavshop_user
--

ALTER TABLE ONLY public.blogs_comment
    ADD CONSTRAINT blogs_comment_story_id_b4baeeeb_fk_blogs_story_id FOREIGN KEY (story_id) REFERENCES public.blogs_story(id) DEFERRABLE INITIALLY DEFERRED;


--
-- Name: blogs_story blogs_story_category_id_089405a6_fk_blogs_category_id; Type: FK CONSTRAINT; Schema: public; Owner: pavshop_user
--

ALTER TABLE ONLY public.blogs_story
    ADD CONSTRAINT blogs_story_category_id_089405a6_fk_blogs_category_id FOREIGN KEY (category_id) REFERENCES public.blogs_category(id) DEFERRABLE INITIALLY DEFERRED;


--
-- Name: blogs_tags_stories blogs_tags_stories_story_id_907351fd_fk_blogs_story_id; Type: FK CONSTRAINT; Schema: public; Owner: pavshop_user
--

ALTER TABLE ONLY public.blogs_tags_stories
    ADD CONSTRAINT blogs_tags_stories_story_id_907351fd_fk_blogs_story_id FOREIGN KEY (story_id) REFERENCES public.blogs_story(id) DEFERRABLE INITIALLY DEFERRED;


--
-- Name: blogs_tags_stories blogs_tags_stories_tags_id_7a9ee5a1_fk_blogs_tags_id; Type: FK CONSTRAINT; Schema: public; Owner: pavshop_user
--

ALTER TABLE ONLY public.blogs_tags_stories
    ADD CONSTRAINT blogs_tags_stories_tags_id_7a9ee5a1_fk_blogs_tags_id FOREIGN KEY (tags_id) REFERENCES public.blogs_tags(id) DEFERRABLE INITIALLY DEFERRED;


--
-- Name: django_admin_log django_admin_log_content_type_id_c4bce8eb_fk_django_co; Type: FK CONSTRAINT; Schema: public; Owner: pavshop_user
--

ALTER TABLE ONLY public.django_admin_log
    ADD CONSTRAINT django_admin_log_content_type_id_c4bce8eb_fk_django_co FOREIGN KEY (content_type_id) REFERENCES public.django_content_type(id) DEFERRABLE INITIALLY DEFERRED;


--
-- Name: django_admin_log django_admin_log_user_id_c564eba6_fk_auth_user_id; Type: FK CONSTRAINT; Schema: public; Owner: pavshop_user
--

ALTER TABLE ONLY public.django_admin_log
    ADD CONSTRAINT django_admin_log_user_id_c564eba6_fk_auth_user_id FOREIGN KEY (user_id) REFERENCES public.auth_user(id) DEFERRABLE INITIALLY DEFERRED;


--
-- Name: exchange_rate exchange_rate_backend_id_d57e3a62_fk_exchange_; Type: FK CONSTRAINT; Schema: public; Owner: pavshop_user
--

ALTER TABLE ONLY public.exchange_rate
    ADD CONSTRAINT exchange_rate_backend_id_d57e3a62_fk_exchange_ FOREIGN KEY (backend_id) REFERENCES public.exchange_exchangebackend(name) DEFERRABLE INITIALLY DEFERRED;


--
-- Name: products_discount_version products_discount_ve_discount_id_04ca4c37_fk_products_; Type: FK CONSTRAINT; Schema: public; Owner: pavshop_user
--

ALTER TABLE ONLY public.products_discount_version
    ADD CONSTRAINT products_discount_ve_discount_id_04ca4c37_fk_products_ FOREIGN KEY (discount_id) REFERENCES public.products_discount(id) DEFERRABLE INITIALLY DEFERRED;


--
-- Name: products_discount_version products_discount_ve_productversion_id_0440bd35_fk_products_; Type: FK CONSTRAINT; Schema: public; Owner: pavshop_user
--

ALTER TABLE ONLY public.products_discount_version
    ADD CONSTRAINT products_discount_ve_productversion_id_0440bd35_fk_products_ FOREIGN KEY (productversion_id) REFERENCES public.products_productversion(id) DEFERRABLE INITIALLY DEFERRED;


--
-- Name: products_productimages products_productimag_product_version_id_e96da070_fk_products_; Type: FK CONSTRAINT; Schema: public; Owner: pavshop_user
--

ALTER TABLE ONLY public.products_productimages
    ADD CONSTRAINT products_productimag_product_version_id_e96da070_fk_products_ FOREIGN KEY (product_version_id) REFERENCES public.products_productversion(id) DEFERRABLE INITIALLY DEFERRED;


--
-- Name: products_productreview products_productrevi_product_id_7e81c4a6_fk_products_; Type: FK CONSTRAINT; Schema: public; Owner: pavshop_user
--

ALTER TABLE ONLY public.products_productreview
    ADD CONSTRAINT products_productrevi_product_id_7e81c4a6_fk_products_ FOREIGN KEY (product_id) REFERENCES public.products_productversion(id) DEFERRABLE INITIALLY DEFERRED;


--
-- Name: products_productreview products_productreview_author_id_4fefa137_fk_auth_user_id; Type: FK CONSTRAINT; Schema: public; Owner: pavshop_user
--

ALTER TABLE ONLY public.products_productreview
    ADD CONSTRAINT products_productreview_author_id_4fefa137_fk_auth_user_id FOREIGN KEY (author_id) REFERENCES public.auth_user(id) DEFERRABLE INITIALLY DEFERRED;


--
-- Name: products_productversion products_productvers_category_id_f3a0caa7_fk_products_; Type: FK CONSTRAINT; Schema: public; Owner: pavshop_user
--

ALTER TABLE ONLY public.products_productversion
    ADD CONSTRAINT products_productvers_category_id_f3a0caa7_fk_products_ FOREIGN KEY (category_id) REFERENCES public.products_category(id) DEFERRABLE INITIALLY DEFERRED;


--
-- Name: products_productversion products_productvers_product_id_38b27b64_fk_products_; Type: FK CONSTRAINT; Schema: public; Owner: pavshop_user
--

ALTER TABLE ONLY public.products_productversion
    ADD CONSTRAINT products_productvers_product_id_38b27b64_fk_products_ FOREIGN KEY (product_id) REFERENCES public.products_product(id) DEFERRABLE INITIALLY DEFERRED;


--
-- Name: products_propertyvalue products_propertyval_property_id_2633dac9_fk_products_; Type: FK CONSTRAINT; Schema: public; Owner: pavshop_user
--

ALTER TABLE ONLY public.products_propertyvalue
    ADD CONSTRAINT products_propertyval_property_id_2633dac9_fk_products_ FOREIGN KEY (property_id) REFERENCES public.products_property(id) DEFERRABLE INITIALLY DEFERRED;


--
-- Name: products_tag_products products_tag_product_productversion_id_f7b48193_fk_products_; Type: FK CONSTRAINT; Schema: public; Owner: pavshop_user
--

ALTER TABLE ONLY public.products_tag_products
    ADD CONSTRAINT products_tag_product_productversion_id_f7b48193_fk_products_ FOREIGN KEY (productversion_id) REFERENCES public.products_productversion(id) DEFERRABLE INITIALLY DEFERRED;


--
-- Name: products_tag_products products_tag_products_tag_id_f2425777_fk_products_tag_id; Type: FK CONSTRAINT; Schema: public; Owner: pavshop_user
--

ALTER TABLE ONLY public.products_tag_products
    ADD CONSTRAINT products_tag_products_tag_id_f2425777_fk_products_tag_id FOREIGN KEY (tag_id) REFERENCES public.products_tag(id) DEFERRABLE INITIALLY DEFERRED;


--
-- Name: shopping_cart_basket shopping_cart_basket_author_id_97828388_fk_auth_user_id; Type: FK CONSTRAINT; Schema: public; Owner: pavshop_user
--

ALTER TABLE ONLY public.shopping_cart_basket
    ADD CONSTRAINT shopping_cart_basket_author_id_97828388_fk_auth_user_id FOREIGN KEY (author_id) REFERENCES public.auth_user(id) DEFERRABLE INITIALLY DEFERRED;


--
-- Name: shopping_cart_basketitem shopping_cart_basket_basket_id_513fc136_fk_shopping_; Type: FK CONSTRAINT; Schema: public; Owner: pavshop_user
--

ALTER TABLE ONLY public.shopping_cart_basketitem
    ADD CONSTRAINT shopping_cart_basket_basket_id_513fc136_fk_shopping_ FOREIGN KEY (basket_id) REFERENCES public.shopping_cart_basket(id) DEFERRABLE INITIALLY DEFERRED;


--
-- Name: shopping_cart_basketitem shopping_cart_basket_productver_id_128a97b9_fk_products_; Type: FK CONSTRAINT; Schema: public; Owner: pavshop_user
--

ALTER TABLE ONLY public.shopping_cart_basketitem
    ADD CONSTRAINT shopping_cart_basket_productver_id_128a97b9_fk_products_ FOREIGN KEY (productver_id) REFERENCES public.products_productversion(id) DEFERRABLE INITIALLY DEFERRED;


--
-- Name: shopping_cart_order shopping_cart_order_author_id_af42b58a_fk_auth_user_id; Type: FK CONSTRAINT; Schema: public; Owner: pavshop_user
--

ALTER TABLE ONLY public.shopping_cart_order
    ADD CONSTRAINT shopping_cart_order_author_id_af42b58a_fk_auth_user_id FOREIGN KEY (author_id) REFERENCES public.auth_user(id) DEFERRABLE INITIALLY DEFERRED;


--
-- Name: shopping_cart_order shopping_cart_order_basket_id_3da4f381_fk_shopping_; Type: FK CONSTRAINT; Schema: public; Owner: pavshop_user
--

ALTER TABLE ONLY public.shopping_cart_order
    ADD CONSTRAINT shopping_cart_order_basket_id_3da4f381_fk_shopping_ FOREIGN KEY (basket_id) REFERENCES public.shopping_cart_basket(id) DEFERRABLE INITIALLY DEFERRED;


--
-- Name: shopping_cart_order shopping_cart_order_discount_id_fe31e8de_fk_shopping_; Type: FK CONSTRAINT; Schema: public; Owner: pavshop_user
--

ALTER TABLE ONLY public.shopping_cart_order
    ADD CONSTRAINT shopping_cart_order_discount_id_fe31e8de_fk_shopping_ FOREIGN KEY (discount_id) REFERENCES public.shopping_cart_discount(id) DEFERRABLE INITIALLY DEFERRED;


--
-- PostgreSQL database dump complete
--

